[{"model": "auth.permission", "pk": 1, "fields": {"name": "Can add permission", "content_type": 1, "codename": "add_permission"}}, {"model": "auth.permission", "pk": 2, "fields": {"name": "Can change permission", "content_type": 1, "codename": "change_permission"}}, {"model": "auth.permission", "pk": 3, "fields": {"name": "Can delete permission", "content_type": 1, "codename": "delete_permission"}}, {"model": "auth.permission", "pk": 4, "fields": {"name": "Can view permission", "content_type": 1, "codename": "view_permission"}}, {"model": "auth.permission", "pk": 5, "fields": {"name": "Can add group", "content_type": 2, "codename": "add_group"}}, {"model": "auth.permission", "pk": 6, "fields": {"name": "Can change group", "content_type": 2, "codename": "change_group"}}, {"model": "auth.permission", "pk": 7, "fields": {"name": "Can delete group", "content_type": 2, "codename": "delete_group"}}, {"model": "auth.permission", "pk": 8, "fields": {"name": "Can view group", "content_type": 2, "codename": "view_group"}}, {"model": "auth.permission", "pk": 9, "fields": {"name": "Can add user", "content_type": 3, "codename": "add_user"}}, {"model": "auth.permission", "pk": 10, "fields": {"name": "Can change user", "content_type": 3, "codename": "change_user"}}, {"model": "auth.permission", "pk": 11, "fields": {"name": "Can delete user", "content_type": 3, "codename": "delete_user"}}, {"model": "auth.permission", "pk": 12, "fields": {"name": "Can view user", "content_type": 3, "codename": "view_user"}}, {"model": "auth.permission", "pk": 13, "fields": {"name": "Can add content type", "content_type": 4, "codename": "add_contenttype"}}, {"model": "auth.permission", "pk": 14, "fields": {"name": "Can change content type", "content_type": 4, "codename": "change_contenttype"}}, {"model": "auth.permission", "pk": 15, "fields": {"name": "Can delete content type", "content_type": 4, "codename": "delete_contenttype"}}, {"model": "auth.permission", "pk": 16, "fields": {"name": "Can view content type", "content_type": 4, "codename": "view_contenttype"}}, {"model": "auth.permission", "pk": 17, "fields": {"name": "Can add session", "content_type": 5, "codename": "add_session"}}, {"model": "auth.permission", "pk": 18, "fields": {"name": "Can change session", "content_type": 5, "codename": "change_session"}}, {"model": "auth.permission", "pk": 19, "fields": {"name": "Can delete session", "content_type": 5, "codename": "delete_session"}}, {"model": "auth.permission", "pk": 20, "fields": {"name": "Can view session", "content_type": 5, "codename": "view_session"}}, {"model": "auth.permission", "pk": 21, "fields": {"name": "Can add log entry", "content_type": 6, "codename": "add_logentry"}}, {"model": "auth.permission", "pk": 22, "fields": {"name": "Can change log entry", "content_type": 6, "codename": "change_logentry"}}, {"model": "auth.permission", "pk": 23, "fields": {"name": "Can delete log entry", "content_type": 6, "codename": "delete_logentry"}}, {"model": "auth.permission", "pk": 24, "fields": {"name": "Can view log entry", "content_type": 6, "codename": "view_logentry"}}, {"model": "auth.permission", "pk": 25, "fields": {"name": "Can add evangelisation", "content_type": 7, "codename": "add_evangelisation"}}, {"model": "auth.permission", "pk": 26, "fields": {"name": "Can change evangelisation", "content_type": 7, "codename": "change_evangelisation"}}, {"model": "auth.permission", "pk": 27, "fields": {"name": "Can delete evangelisation", "content_type": 7, "codename": "delete_evangelisation"}}, {"model": "auth.permission", "pk": 28, "fields": {"name": "Can view evangelisation", "content_type": 7, "codename": "view_evangelisation"}}, {"model": "auth.permission", "pk": 29, "fields": {"name": "Can add participant", "content_type": 8, "codename": "add_participant"}}, {"model": "auth.permission", "pk": 30, "fields": {"name": "Can change participant", "content_type": 8, "codename": "change_participant"}}, {"model": "auth.permission", "pk": 31, "fields": {"name": "Can delete participant", "content_type": 8, "codename": "delete_participant"}}, {"model": "auth.permission", "pk": 32, "fields": {"name": "Can view participant", "content_type": 8, "codename": "view_participant"}}, {"model": "auth.permission", "pk": 33, "fields": {"name": "Can add Personne \u00e9vang\u00e9lis\u00e9", "content_type": 9, "codename": "add_person"}}, {"model": "auth.permission", "pk": 34, "fields": {"name": "Can change Personne \u00e9vang\u00e9lis\u00e9", "content_type": 9, "codename": "change_person"}}, {"model": "auth.permission", "pk": 35, "fields": {"name": "Can delete Personne \u00e9vang\u00e9lis\u00e9", "content_type": 9, "codename": "delete_person"}}, {"model": "auth.permission", "pk": 36, "fields": {"name": "Can view Personne \u00e9vang\u00e9lis\u00e9", "content_type": 9, "codename": "view_person"}}, {"model": "auth.permission", "pk": 37, "fields": {"name": "Can add suivi", "content_type": 10, "codename": "add_suivi"}}, {"model": "auth.permission", "pk": 38, "fields": {"name": "Can change suivi", "content_type": 10, "codename": "change_suivi"}}, {"model": "auth.permission", "pk": 39, "fields": {"name": "Can delete suivi", "content_type": 10, "codename": "delete_suivi"}}, {"model": "auth.permission", "pk": 40, "fields": {"name": "Can view suivi", "content_type": 10, "codename": "view_suivi"}}, {"model": "auth.permission", "pk": 41, "fields": {"name": "Can add Site d'\u00e9vang\u00e9lisation", "content_type": 11, "codename": "add_site"}}, {"model": "auth.permission", "pk": 42, "fields": {"name": "Can change Site d'\u00e9vang\u00e9lisation", "content_type": 11, "codename": "change_site"}}, {"model": "auth.permission", "pk": 43, "fields": {"name": "Can delete Site d'\u00e9vang\u00e9lisation", "content_type": 11, "codename": "delete_site"}}, {"model": "auth.permission", "pk": 44, "fields": {"name": "Can view Site d'\u00e9vang\u00e9lisation", "content_type": 11, "codename": "view_site"}}, {"model": "auth.permission", "pk": 45, "fields": {"name": "Can add profile", "content_type": 12, "codename": "add_profile"}}, {"model": "auth.permission", "pk": 46, "fields": {"name": "Can change profile", "content_type": 12, "codename": "change_profile"}}, {"model": "auth.permission", "pk": 47, "fields": {"name": "Can delete profile", "content_type": 12, "codename": "delete_profile"}}, {"model": "auth.permission", "pk": 48, "fields": {"name": "Can view profile", "content_type": 12, "codename": "view_profile"}}, {"model": "auth.permission", "pk": 49, "fields": {"name": "Can add image", "content_type": 13, "codename": "add_image"}}, {"model": "auth.permission", "pk": 50, "fields": {"name": "Can change image", "content_type": 13, "codename": "change_image"}}, {"model": "auth.permission", "pk": 51, "fields": {"name": "Can delete image", "content_type": 13, "codename": "delete_image"}}, {"model": "auth.permission", "pk": 52, "fields": {"name": "Can view image", "content_type": 13, "codename": "view_image"}}, {"model": "auth.permission", "pk": 53, "fields": {"name": "Can add history", "content_type": 14, "codename": "add_history"}}, {"model": "auth.permission", "pk": 54, "fields": {"name": "Can change history", "content_type": 14, "codename": "change_history"}}, {"model": "auth.permission", "pk": 55, "fields": {"name": "Can delete history", "content_type": 14, "codename": "delete_history"}}, {"model": "auth.permission", "pk": 56, "fields": {"name": "Can view history", "content_type": 14, "codename": "view_history"}}, {"model": "auth.user", "pk": 6, "fields": {"password": "pbkdf2_sha256$150000$DuuynYSJeVbp$MAJDvr6n4rBt2fm9HvjI8Q5RzE1/g+PHObjV1ivLQnA=", "last_login": "2022-02-01T16:15:42.026Z", "is_superuser": true, "username": "landry", "first_name": "", "last_name": "", "email": "lndronana@gmail.com", "is_staff": true, "is_active": true, "date_joined": "2022-01-23T18:28:56.204Z", "groups": [], "user_permissions": []}}, {"model": "auth.user", "pk": 7, "fields": {"password": "pbkdf2_sha256$150000$DsY4iVZzMRwi$aukOIvEB6vgdvQIcBn7oPt3VtPq8kXE7L8bylIijowQ=", "last_login": "2022-01-31T16:41:31.758Z", "is_superuser": false, "username": "alvine", "first_name": "alvine", "last_name": "", "email": "alvine@yahoo.fr", "is_staff": false, "is_active": true, "date_joined": "2022-01-25T00:58:59.786Z", "groups": [], "user_permissions": []}}, {"model": "auth.user", "pk": 8, "fields": {"password": "pbkdf2_sha256$150000$KU97azgYdvKw$0fIBLceU7GI9zNM1sDvpeIljSlg9uUZsA1LqJEDb/bg=", "last_login": null, "is_superuser": false, "username": "fulbert", "first_name": "papa chekoua", "last_name": "", "email": "fulbert@gmail.com", "is_staff": false, "is_active": true, "date_joined": "2022-01-25T00:59:45.994Z", "groups": [], "user_permissions": []}}, {"model": "auth.user", "pk": 9, "fields": {"password": "pbkdf2_sha256$150000$uPmUypYNgqgr$Ml/pG6YpsvQqHvRrSc2cavBeeLuM10JJ7iS5Rpz9fgQ=", "last_login": null, "is_superuser": false, "username": "joel", "first_name": "joel", "last_name": "", "email": "joel@gmail.com", "is_staff": false, "is_active": true, "date_joined": "2022-01-25T01:00:09.517Z", "groups": [], "user_permissions": []}}, {"model": "auth.user", "pk": 10, "fields": {"password": "pbkdf2_sha256$150000$vd6L8EtxOPEY$ZmmXRaJNOz2xagpe0h52qTNkZ/inHQjVF6UTRUgTvmE=", "last_login": null, "is_superuser": false, "username": "herve", "first_name": "pasteur herv\u00e9", "last_name": "", "email": "herve@yahoo.fr", "is_staff": false, "is_active": true, "date_joined": "2022-01-25T01:00:42.385Z", "groups": [], "user_permissions": []}}, {"model": "auth.user", "pk": 11, "fields": {"password": "pbkdf2_sha256$150000$qW23PwDDseyW$E8mrnbaqU1c1Wi5yj0Qa3KVWW1Snk74gf1P7oP2i/uI=", "last_login": null, "is_superuser": false, "username": "mike", "first_name": "AP mike", "last_name": "", "email": "mike@yahoo.fr", "is_staff": false, "is_active": true, "date_joined": "2022-01-25T01:01:14.685Z", "groups": [], "user_permissions": []}}, {"model": "auth.user", "pk": 12, "fields": {"password": "pbkdf2_sha256$150000$zfSNPQXbn1f2$WjLJsjXtMK43hDeiUnnBNeet5UXTmwt7+Ypkj4Hsh30=", "last_login": null, "is_superuser": false, "username": "emmanuel", "first_name": "AP emmanuel", "last_name": "", "email": "emmanuel@yahoo.fr", "is_staff": false, "is_active": true, "date_joined": "2022-01-25T01:01:52.015Z", "groups": [], "user_permissions": []}}, {"model": "sessions.session", "pk": "42usrd55lu5yjqpc49a5511x2tz6wbe9", "fields": {"session_data": "NTgxMjM5ZjA2ZjNhMmM3YTdlZjg3MTQzYTIzMTAzMGMwOTJkYjQxMTp7Il9hdXRoX3VzZXJfaWQiOiI3IiwiX2F1dGhfdXNlcl9iYWNrZW5kIjoiZGphbmdvLmNvbnRyaWIuYXV0aC5iYWNrZW5kcy5Nb2RlbEJhY2tlbmQiLCJfYXV0aF91c2VyX2hhc2giOiJlYTVlOGMwZjE2MTA0MzQ5MmQwODczNzE2OThiOGY3YmI0ZjQyZjYwIn0=", "expire_date": "2022-02-14T16:41:31.769Z"}}, {"model": "sessions.session", "pk": "7vbw5fvav6jrclwurj3ennuf17ms19e8", "fields": {"session_data": "MjMyYjMwNzkxMzlmYTRmZmIxNzQwM2FkMWJhMTc3NzZhOGI1ZWRiMjp7Il9hdXRoX3VzZXJfaWQiOiI2IiwiX2F1dGhfdXNlcl9iYWNrZW5kIjoiZGphbmdvLmNvbnRyaWIuYXV0aC5iYWNrZW5kcy5Nb2RlbEJhY2tlbmQiLCJfYXV0aF91c2VyX2hhc2giOiI0NDU3YjQ3YzM4YmQ5NWY4YjhhNDcyYzJlMjMyZTcxYmU5NjdmOTFhIn0=", "expire_date": "2022-02-14T17:02:18.699Z"}}, {"model": "sessions.session", "pk": "ndztewfqmuf6rj3iasfsxnvb65y06ydo", "fields": {"session_data": "MjMyYjMwNzkxMzlmYTRmZmIxNzQwM2FkMWJhMTc3NzZhOGI1ZWRiMjp7Il9hdXRoX3VzZXJfaWQiOiI2IiwiX2F1dGhfdXNlcl9iYWNrZW5kIjoiZGphbmdvLmNvbnRyaWIuYXV0aC5iYWNrZW5kcy5Nb2RlbEJhY2tlbmQiLCJfYXV0aF91c2VyX2hhc2giOiI0NDU3YjQ3YzM4YmQ5NWY4YjhhNDcyYzJlMjMyZTcxYmU5NjdmOTFhIn0=", "expire_date": "2022-02-15T16:15:42.418Z"}}, {"model": "sessions.session", "pk": "ovktbwwi3cf3hhs3xlh2ii69pihpsp89", "fields": {"session_data": "MjMyYjMwNzkxMzlmYTRmZmIxNzQwM2FkMWJhMTc3NzZhOGI1ZWRiMjp7Il9hdXRoX3VzZXJfaWQiOiI2IiwiX2F1dGhfdXNlcl9iYWNrZW5kIjoiZGphbmdvLmNvbnRyaWIuYXV0aC5iYWNrZW5kcy5Nb2RlbEJhY2tlbmQiLCJfYXV0aF91c2VyX2hhc2giOiI0NDU3YjQ3YzM4YmQ5NWY4YjhhNDcyYzJlMjMyZTcxYmU5NjdmOTFhIn0=", "expire_date": "2022-02-06T23:12:35.781Z"}}, {"model": "sessions.session", "pk": "z4q5qrff311ze3z20mzfoxh7zu6bdd4t", "fields": {"session_data": "MjMyYjMwNzkxMzlmYTRmZmIxNzQwM2FkMWJhMTc3NzZhOGI1ZWRiMjp7Il9hdXRoX3VzZXJfaWQiOiI2IiwiX2F1dGhfdXNlcl9iYWNrZW5kIjoiZGphbmdvLmNvbnRyaWIuYXV0aC5iYWNrZW5kcy5Nb2RlbEJhY2tlbmQiLCJfYXV0aF91c2VyX2hhc2giOiI0NDU3YjQ3YzM4YmQ5NWY4YjhhNDcyYzJlMjMyZTcxYmU5NjdmOTFhIn0=", "expire_date": "2022-02-07T19:58:02.411Z"}}, {"model": "admin.logentry", "pk": 7, "fields": {"action_time": "2022-01-23T23:12:15.327Z", "user": 6, "content_type": 12, "object_id": "6", "object_repr": "Profile de landry", "action_flag": 1, "change_message": "[{\"added\": {}}]"}}, {"model": "evangelisation.site", "pk": 1, "fields": {"nom_site_evangelisation": "moble omnisport", "description": "", "image": "", "author": null, "created": "2022-01-25T00:45:30.136Z", "updated": "2022-01-25T00:45:30.137Z"}}, {"model": "evangelisation.site", "pk": 2, "fields": {"nom_site_evangelisation": "mvog ada", "description": "", "image": "", "author": null, "created": "2022-01-25T00:45:30.140Z", "updated": "2022-01-25T00:45:30.140Z"}}, {"model": "evangelisation.site", "pk": 3, "fields": {"nom_site_evangelisation": "Total cavo", "description": "", "image": "", "author": null, "created": "2022-01-25T00:45:30.142Z", "updated": "2022-01-25T00:45:30.142Z"}}, {"model": "evangelisation.site", "pk": 4, "fields": {"nom_site_evangelisation": "elig ejoa", "description": "", "image": "", "author": null, "created": "2022-01-25T00:45:30.143Z", "updated": "2022-01-25T00:45:30.143Z"}}, {"model": "evangelisation.participant", "pk": 1, "fields": {"nom_et_prenom": "landry onana", "sexe": "masculin", "author": null, "created": "2022-01-23T22:58:08.407Z", "updated": "2022-01-24T19:59:42.492Z"}}, {"model": "evangelisation.participant", "pk": 3, "fields": {"nom_et_prenom": "jacky", "sexe": "f\u00e9minin", "author": null, "created": "2022-01-25T00:51:01.299Z", "updated": "2022-01-25T00:51:01.299Z"}}, {"model": "evangelisation.participant", "pk": 4, "fields": {"nom_et_prenom": "alvine", "sexe": "f\u00e9minin", "author": null, "created": "2022-01-25T00:51:01.302Z", "updated": "2022-01-25T00:51:01.302Z"}}, {"model": "evangelisation.participant", "pk": 5, "fields": {"nom_et_prenom": "germaine", "sexe": "f\u00e9minin", "author": null, "created": "2022-01-25T00:51:01.304Z", "updated": "2022-01-25T00:51:01.304Z"}}, {"model": "evangelisation.participant", "pk": 6, "fields": {"nom_et_prenom": "noel", "sexe": "masculin", "author": null, "created": "2022-01-25T00:51:01.306Z", "updated": "2022-01-25T00:51:01.306Z"}}, {"model": "evangelisation.participant", "pk": 7, "fields": {"nom_et_prenom": "bertille", "sexe": "f\u00e9minin", "author": null, "created": "2022-01-25T00:51:01.308Z", "updated": "2022-01-25T00:51:01.308Z"}}, {"model": "evangelisation.participant", "pk": 8, "fields": {"nom_et_prenom": "papa ema", "sexe": "masculin", "author": null, "created": "2022-01-25T00:51:01.309Z", "updated": "2022-01-25T00:51:01.309Z"}}, {"model": "evangelisation.participant", "pk": 9, "fields": {"nom_et_prenom": "yvan", "sexe": "masculin", "author": null, "created": "2022-01-25T00:51:01.311Z", "updated": "2022-01-25T00:51:01.311Z"}}, {"model": "evangelisation.participant", "pk": 10, "fields": {"nom_et_prenom": "fr ndzomo", "sexe": "masculin", "author": null, "created": "2022-01-25T00:51:01.313Z", "updated": "2022-01-25T00:51:01.313Z"}}, {"model": "evangelisation.participant", "pk": 11, "fields": {"nom_et_prenom": "suzy", "sexe": "f\u00e9minin", "author": null, "created": "2022-01-25T00:51:01.315Z", "updated": "2022-01-25T00:51:01.315Z"}}, {"model": "evangelisation.participant", "pk": 12, "fields": {"nom_et_prenom": "minette", "sexe": "f\u00e9minin", "author": null, "created": "2022-01-25T00:51:01.316Z", "updated": "2022-01-25T00:51:01.316Z"}}, {"model": "evangelisation.participant", "pk": 13, "fields": {"nom_et_prenom": "gaetan", "sexe": "f\u00e9minin", "author": null, "created": "2022-01-25T00:51:01.318Z", "updated": "2022-01-25T00:51:01.318Z"}}, {"model": "evangelisation.participant", "pk": 14, "fields": {"nom_et_prenom": "rollins", "sexe": "masculin", "author": null, "created": "2022-01-25T00:51:01.320Z", "updated": "2022-01-25T00:51:01.320Z"}}, {"model": "evangelisation.participant", "pk": 15, "fields": {"nom_et_prenom": "nathalie", "sexe": "f\u00e9minin", "author": null, "created": "2022-01-25T00:51:01.322Z", "updated": "2022-01-25T00:51:01.322Z"}}, {"model": "evangelisation.participant", "pk": 16, "fields": {"nom_et_prenom": "ali", "sexe": "masculin", "author": null, "created": "2022-01-25T00:51:01.323Z", "updated": "2022-01-25T00:51:01.323Z"}}, {"model": "evangelisation.participant", "pk": 17, "fields": {"nom_et_prenom": "didier", "sexe": "masculin", "author": null, "created": "2022-01-25T00:51:01.325Z", "updated": "2022-01-25T00:51:01.325Z"}}, {"model": "evangelisation.participant", "pk": 18, "fields": {"nom_et_prenom": "papa chekoua", "sexe": "masculin", "author": null, "created": "2022-01-25T00:51:01.327Z", "updated": "2022-01-25T00:51:01.327Z"}}, {"model": "evangelisation.participant", "pk": 19, "fields": {"nom_et_prenom": "magloire", "sexe": "masculin", "author": null, "created": "2022-01-25T00:51:01.329Z", "updated": "2022-01-25T00:51:01.329Z"}}, {"model": "evangelisation.participant", "pk": 20, "fields": {"nom_et_prenom": "baran", "sexe": "f\u00e9minin", "author": null, "created": "2022-01-25T00:51:01.331Z", "updated": "2022-01-25T00:51:01.331Z"}}, {"model": "evangelisation.participant", "pk": 21, "fields": {"nom_et_prenom": "francine", "sexe": "masculin", "author": null, "created": "2022-01-25T00:51:01.333Z", "updated": "2022-01-25T00:51:01.333Z"}}, {"model": "evangelisation.participant", "pk": 22, "fields": {"nom_et_prenom": "charles", "sexe": "masculin", "author": null, "created": "2022-01-25T00:51:01.334Z", "updated": "2022-01-25T00:51:01.334Z"}}, {"model": "evangelisation.participant", "pk": 23, "fields": {"nom_et_prenom": "joel", "sexe": "masculin", "author": null, "created": "2022-01-25T00:52:27.546Z", "updated": "2022-01-25T00:52:27.546Z"}}, {"model": "evangelisation.participant", "pk": 24, "fields": {"nom_et_prenom": "gricha", "sexe": "masculin", "author": null, "created": "2022-01-25T00:52:27.549Z", "updated": "2022-01-25T00:52:27.549Z"}}, {"model": "evangelisation.participant", "pk": 25, "fields": {"nom_et_prenom": "josias", "sexe": "masculin", "author": null, "created": "2022-01-25T00:52:27.551Z", "updated": "2022-01-25T00:52:27.551Z"}}, {"model": "evangelisation.participant", "pk": 26, "fields": {"nom_et_prenom": "dj\u00e9", "sexe": "masculin", "author": null, "created": "2022-01-25T00:52:27.552Z", "updated": "2022-01-25T00:52:27.552Z"}}, {"model": "evangelisation.participant", "pk": 27, "fields": {"nom_et_prenom": "marceline", "sexe": "f\u00e9minin", "author": null, "created": "2022-01-25T00:52:27.554Z", "updated": "2022-01-25T00:52:27.554Z"}}, {"model": "evangelisation.participant", "pk": 28, "fields": {"nom_et_prenom": "ange", "sexe": "f\u00e9minin", "author": null, "created": "2022-01-25T00:55:38.679Z", "updated": "2022-01-25T00:55:38.679Z"}}, {"model": "evangelisation.participant", "pk": 29, "fields": {"nom_et_prenom": "larissa", "sexe": "f\u00e9minin", "author": null, "created": "2022-01-25T00:55:38.682Z", "updated": "2022-01-25T00:55:38.682Z"}}, {"model": "evangelisation.participant", "pk": 30, "fields": {"nom_et_prenom": "AP mike", "sexe": "masculin", "author": null, "created": "2022-01-25T00:55:38.684Z", "updated": "2022-01-25T00:55:38.684Z"}}, {"model": "evangelisation.participant", "pk": 31, "fields": {"nom_et_prenom": "blanche", "sexe": "f\u00e9minin", "author": null, "created": "2022-01-25T00:55:38.686Z", "updated": "2022-01-25T00:55:38.686Z"}}, {"model": "evangelisation.participant", "pk": 32, "fields": {"nom_et_prenom": "ermine", "sexe": "f\u00e9minin", "author": null, "created": "2022-01-25T00:55:38.688Z", "updated": "2022-01-25T00:55:38.688Z"}}, {"model": "evangelisation.participant", "pk": 33, "fields": {"nom_et_prenom": "maman chantal", "sexe": "f\u00e9minin", "author": null, "created": "2022-01-25T00:55:38.690Z", "updated": "2022-01-25T00:55:38.690Z"}}, {"model": "evangelisation.participant", "pk": 34, "fields": {"nom_et_prenom": "carine", "sexe": "f\u00e9minin", "author": null, "created": "2022-01-25T00:55:38.691Z", "updated": "2022-01-25T00:55:38.691Z"}}, {"model": "evangelisation.participant", "pk": 35, "fields": {"nom_et_prenom": "anne", "sexe": "f\u00e9minin", "author": null, "created": "2022-01-25T00:55:38.693Z", "updated": "2022-01-25T00:55:38.693Z"}}, {"model": "evangelisation.participant", "pk": 36, "fields": {"nom_et_prenom": "janvier", "sexe": "masculin", "author": null, "created": "2022-01-25T00:57:07.741Z", "updated": "2022-01-25T00:57:07.741Z"}}, {"model": "evangelisation.participant", "pk": 37, "fields": {"nom_et_prenom": "farelle", "sexe": "f\u00e9minin", "author": null, "created": "2022-01-25T00:57:07.743Z", "updated": "2022-01-25T00:57:07.743Z"}}, {"model": "evangelisation.participant", "pk": 38, "fields": {"nom_et_prenom": "tatiana", "sexe": "f\u00e9minin", "author": null, "created": "2022-01-25T00:57:07.745Z", "updated": "2022-01-25T00:57:07.745Z"}}, {"model": "evangelisation.participant", "pk": 39, "fields": {"nom_et_prenom": "caroline", "sexe": "f\u00e9minin", "author": null, "created": "2022-01-25T00:57:07.747Z", "updated": "2022-01-25T00:57:07.747Z"}}, {"model": "evangelisation.participant", "pk": 40, "fields": {"nom_et_prenom": "yannick", "sexe": "masculin", "author": null, "created": "2022-01-25T00:58:03.374Z", "updated": "2022-01-25T00:58:03.374Z"}}, {"model": "evangelisation.participant", "pk": 41, "fields": {"nom_et_prenom": "gramby", "sexe": "f\u00e9minin", "author": null, "created": "2022-01-25T00:58:03.376Z", "updated": "2022-01-25T00:58:03.376Z"}}, {"model": "evangelisation.participant", "pk": 45, "fields": {"nom_et_prenom": "pasteur herv\u00e9", "sexe": "", "author": 6, "created": "2022-01-25T01:00:42.519Z", "updated": "2022-01-25T01:00:42.519Z"}}, {"model": "evangelisation.participant", "pk": 47, "fields": {"nom_et_prenom": "AP emmanuel", "sexe": "", "author": 6, "created": "2022-01-25T01:01:52.197Z", "updated": "2022-01-25T01:01:52.197Z"}}, {"model": "evangelisation.participant", "pk": 48, "fields": {"nom_et_prenom": "ornella", "sexe": "f\u00e9minin", "author": null, "created": "2022-01-25T01:38:17.817Z", "updated": "2022-01-25T01:38:17.817Z"}}, {"model": "evangelisation.participant", "pk": 49, "fields": {"nom_et_prenom": "laetitia", "sexe": "f\u00e9minin", "author": null, "created": "2022-01-25T01:38:17.820Z", "updated": "2022-01-25T01:38:17.820Z"}}, {"model": "evangelisation.participant", "pk": 50, "fields": {"nom_et_prenom": "grace", "sexe": "f\u00e9minin", "author": null, "created": "2022-01-25T02:15:06.665Z", "updated": "2022-01-25T02:15:06.665Z"}}, {"model": "evangelisation.evangelisation", "pk": 2, "fields": {"day": "2021-08-07", "heure_de_debut": "01:02:00", "heure_de_fin": "01:02:00", "site": 1, "author": null, "observation": "", "boss": [18]}}, {"model": "evangelisation.evangelisation", "pk": 3, "fields": {"day": "2021-09-15", "heure_de_debut": "01:02:00", "heure_de_fin": "01:02:00", "site": 3, "author": null, "observation": "", "boss": []}}, {"model": "evangelisation.evangelisation", "pk": 4, "fields": {"day": "2021-12-04", "heure_de_debut": "01:02:00", "heure_de_fin": "01:02:00", "site": 3, "author": null, "observation": "", "boss": []}}, {"model": "evangelisation.evangelisation", "pk": 5, "fields": {"day": "2021-09-17", "heure_de_debut": "01:07:00", "heure_de_fin": "01:07:00", "site": 2, "author": null, "observation": "", "boss": []}}, {"model": "evangelisation.evangelisation", "pk": 7, "fields": {"day": "2021-10-16", "heure_de_debut": "15:35:00", "heure_de_fin": "17:05:00", "site": 3, "author": null, "observation": "", "boss": []}}, {"model": "evangelisation.evangelisation", "pk": 8, "fields": {"day": "2021-10-23", "heure_de_debut": "01:09:00", "heure_de_fin": "01:09:00", "site": 3, "author": null, "observation": "", "boss": []}}, {"model": "evangelisation.evangelisation", "pk": 9, "fields": {"day": "2021-11-20", "heure_de_debut": "01:09:00", "heure_de_fin": "01:09:00", "site": 3, "author": null, "observation": "", "boss": []}}, {"model": "evangelisation.evangelisation", "pk": 10, "fields": {"day": "2021-11-13", "heure_de_debut": "01:14:00", "heure_de_fin": "01:14:00", "site": 3, "author": null, "observation": "", "boss": []}}, {"model": "evangelisation.evangelisation", "pk": 11, "fields": {"day": "2021-11-06", "heure_de_debut": "01:15:00", "heure_de_fin": "01:15:00", "site": 3, "author": null, "observation": "", "boss": []}}, {"model": "evangelisation.evangelisation", "pk": 12, "fields": {"day": "2021-06-12", "heure_de_debut": "16:00:00", "heure_de_fin": "17:30:00", "site": 1, "author": null, "observation": "", "boss": []}}, {"model": "evangelisation.evangelisation", "pk": 13, "fields": {"day": "2021-06-18", "heure_de_debut": "19:00:00", "heure_de_fin": "20:00:00", "site": 1, "author": null, "observation": "", "boss": []}}, {"model": "evangelisation.evangelisation", "pk": 14, "fields": {"day": "2021-07-24", "heure_de_debut": "01:16:00", "heure_de_fin": "01:16:00", "site": 1, "author": null, "observation": "", "boss": []}}, {"model": "evangelisation.evangelisation", "pk": 15, "fields": {"day": "2021-03-20", "heure_de_debut": "15:45:00", "heure_de_fin": "16:46:00", "site": 1, "author": null, "observation": "", "boss": []}}, {"model": "evangelisation.evangelisation", "pk": 16, "fields": {"day": "2021-03-27", "heure_de_debut": "15:45:00", "heure_de_fin": "17:45:00", "site": 1, "author": null, "observation": "", "boss": []}}, {"model": "evangelisation.evangelisation", "pk": 17, "fields": {"day": "2021-05-08", "heure_de_debut": "16:20:00", "heure_de_fin": "17:30:00", "site": 1, "author": null, "observation": "", "boss": []}}, {"model": "evangelisation.evangelisation", "pk": 18, "fields": {"day": "2021-04-17", "heure_de_debut": "16:22:00", "heure_de_fin": "17:22:00", "site": 1, "author": null, "observation": "", "boss": []}}, {"model": "evangelisation.evangelisation", "pk": 19, "fields": {"day": "2021-05-15", "heure_de_debut": "15:50:00", "heure_de_fin": "17:55:00", "site": 1, "author": null, "observation": "", "boss": []}}, {"model": "evangelisation.evangelisation", "pk": 20, "fields": {"day": "2021-12-05", "heure_de_debut": "17:20:00", "heure_de_fin": "18:25:00", "site": 4, "author": null, "observation": "", "boss": []}}, {"model": "evangelisation.evangelisation", "pk": 21, "fields": {"day": "2021-07-10", "heure_de_debut": "16:00:00", "heure_de_fin": "18:00:00", "site": 1, "author": null, "observation": "", "boss": []}}, {"model": "evangelisation.evangelisation", "pk": 22, "fields": {"day": "2021-07-31", "heure_de_debut": "16:30:00", "heure_de_fin": "18:30:00", "site": 1, "author": null, "observation": "", "boss": []}}, {"model": "evangelisation.evangelisation", "pk": 23, "fields": {"day": "2021-05-29", "heure_de_debut": "16:20:00", "heure_de_fin": "17:29:00", "site": 1, "author": null, "observation": "", "boss": []}}, {"model": "evangelisation.evangelisation", "pk": 24, "fields": {"day": "2021-11-04", "heure_de_debut": "16:00:00", "heure_de_fin": "17:10:00", "site": 1, "author": null, "observation": "", "boss": []}}, {"model": "evangelisation.evangelisation", "pk": 25, "fields": {"day": "2022-01-22", "heure_de_debut": "16:35:00", "heure_de_fin": "17:35:00", "site": 3, "author": null, "observation": "", "boss": [4, 5, 8, 12, 17, 18, 20, 21, 23, 30, 33, 48, 49, 50]}}, {"model": "evangelisation.person", "pk": 3, "fields": {"author": null, "evangelisation": 25, "date": "2022-01-25", "nom_et_prenom": "raissa beyala", "contacts": 696755190, "quartier_d_habitation": "Total cavo", "accepte_jesus": "non", "sexe": "f\u00e9minin", "whatsapp": null, "sujets_de_priere": "", "temoignages": "", "created": "2022-01-25T02:04:31.855Z", "updated": "2022-01-25T02:04:31.855Z", "boss": [49, 30]}}, {"model": "evangelisation.person", "pk": 4, "fields": {"author": null, "evangelisation": 25, "date": "2022-01-25", "nom_et_prenom": "fabrice yimi", "contacts": 683236810, "quartier_d_habitation": "Total cavo", "accepte_jesus": "oui", "sexe": "masculin", "whatsapp": null, "sujets_de_priere": "", "temoignages": "", "created": "2022-01-25T02:04:31.866Z", "updated": "2022-01-25T02:04:31.866Z", "boss": [49, 30]}}, {"model": "evangelisation.person", "pk": 5, "fields": {"author": null, "evangelisation": 25, "date": "2022-01-25", "nom_et_prenom": "ernest", "contacts": 697566223, "quartier_d_habitation": "Total cavo", "accepte_jesus": "non", "sexe": "masculin", "whatsapp": null, "sujets_de_priere": "", "temoignages": "", "created": "2022-01-25T02:04:31.870Z", "updated": "2022-01-25T02:04:31.870Z", "boss": [49, 30]}}, {"model": "evangelisation.person", "pk": 6, "fields": {"author": null, "evangelisation": 25, "date": "2022-01-25", "nom_et_prenom": "anne mary", "contacts": 696197612, "quartier_d_habitation": "mvog ada", "accepte_jesus": "oui", "sexe": "f\u00e9minin", "whatsapp": null, "sujets_de_priere": "", "temoignages": "", "created": "2022-01-25T02:04:31.875Z", "updated": "2022-01-25T02:04:31.875Z", "boss": [17, 12]}}, {"model": "evangelisation.person", "pk": 7, "fields": {"author": null, "evangelisation": 25, "date": "2022-01-25", "nom_et_prenom": "geraldine", "contacts": 693615434, "quartier_d_habitation": "mvog ada", "accepte_jesus": "oui", "sexe": "f\u00e9minin", "whatsapp": null, "sujets_de_priere": "", "temoignages": "", "created": "2022-01-25T02:04:31.879Z", "updated": "2022-01-25T02:04:31.879Z", "boss": [17]}}, {"model": "evangelisation.person", "pk": 8, "fields": {"author": null, "evangelisation": 25, "date": "2022-01-25", "nom_et_prenom": "marie", "contacts": null, "quartier_d_habitation": "---", "accepte_jesus": "oui", "sexe": "f\u00e9minin", "whatsapp": null, "sujets_de_priere": "", "temoignages": "", "created": "2022-01-25T02:04:31.884Z", "updated": "2022-01-25T02:04:31.884Z", "boss": [17, 12]}}, {"model": "evangelisation.person", "pk": 9, "fields": {"author": null, "evangelisation": 25, "date": "2022-01-25", "nom_et_prenom": "steve", "contacts": null, "quartier_d_habitation": "mvog ada", "accepte_jesus": "oui", "sexe": "masculin", "whatsapp": null, "sujets_de_priere": "", "temoignages": "", "created": "2022-01-25T02:04:31.888Z", "updated": "2022-01-25T02:04:31.888Z", "boss": [17, 12]}}, {"model": "evangelisation.person", "pk": 10, "fields": {"author": null, "evangelisation": 25, "date": "2022-01-25", "nom_et_prenom": "joli", "contacts": null, "quartier_d_habitation": "mvog ada", "accepte_jesus": "non", "sexe": "f\u00e9minin", "whatsapp": null, "sujets_de_priere": "", "temoignages": "", "created": "2022-01-25T02:04:31.892Z", "updated": "2022-01-25T02:04:31.892Z", "boss": [18]}}, {"model": "evangelisation.person", "pk": 11, "fields": {"author": null, "evangelisation": 25, "date": "2022-01-25", "nom_et_prenom": "marceline", "contacts": 671083931, "quartier_d_habitation": "mvog ada", "accepte_jesus": "oui", "sexe": "f\u00e9minin", "whatsapp": null, "sujets_de_priere": "", "temoignages": "", "created": "2022-01-25T02:04:31.896Z", "updated": "2022-01-25T02:04:31.896Z", "boss": [18]}}, {"model": "evangelisation.person", "pk": 12, "fields": {"author": null, "evangelisation": 25, "date": "2022-01-25", "nom_et_prenom": "maman mendouga", "contacts": null, "quartier_d_habitation": "mvog ada", "accepte_jesus": "oui", "sexe": "f\u00e9minin", "whatsapp": null, "sujets_de_priere": "", "temoignages": "", "created": "2022-01-25T02:04:31.900Z", "updated": "2022-01-25T02:04:31.900Z", "boss": [18]}}, {"model": "evangelisation.person", "pk": 13, "fields": {"author": null, "evangelisation": 25, "date": "2022-01-25", "nom_et_prenom": "bruno", "contacts": 675928089, "quartier_d_habitation": "mvog ada", "accepte_jesus": "ras", "sexe": "masculin", "whatsapp": null, "sujets_de_priere": "", "temoignages": "", "created": "2022-01-25T02:04:31.904Z", "updated": "2022-01-25T02:04:31.904Z", "boss": [18]}}, {"model": "evangelisation.person", "pk": 14, "fields": {"author": null, "evangelisation": 25, "date": "2022-01-25", "nom_et_prenom": "Aicha", "contacts": 698065886, "quartier_d_habitation": "mvog ada", "accepte_jesus": "oui", "sexe": "f\u00e9minin", "whatsapp": null, "sujets_de_priere": "", "temoignages": "", "created": "2022-01-25T02:04:31.909Z", "updated": "2022-01-25T02:04:31.909Z", "boss": [18]}}, {"model": "evangelisation.person", "pk": 15, "fields": {"author": null, "evangelisation": 25, "date": "2022-01-25", "nom_et_prenom": "jean jules", "contacts": 656139086, "quartier_d_habitation": "mvog ada", "accepte_jesus": "oui", "sexe": "masculin", "whatsapp": null, "sujets_de_priere": "", "temoignages": "", "created": "2022-01-25T02:04:31.913Z", "updated": "2022-01-25T02:04:31.913Z", "boss": [18]}}, {"model": "evangelisation.person", "pk": 16, "fields": {"author": null, "evangelisation": 25, "date": "2022-01-25", "nom_et_prenom": "muril", "contacts": 670027536, "quartier_d_habitation": "mvog ada", "accepte_jesus": "oui", "sexe": "f\u00e9minin", "whatsapp": null, "sujets_de_priere": "", "temoignages": "", "created": "2022-01-25T02:04:31.917Z", "updated": "2022-01-25T02:04:31.917Z", "boss": [18]}}, {"model": "evangelisation.person", "pk": 17, "fields": {"author": null, "evangelisation": 25, "date": "2022-01-25", "nom_et_prenom": "Ntamack nicolas", "contacts": 691290067, "quartier_d_habitation": "carossel", "accepte_jesus": "ras", "sexe": "masculin", "whatsapp": null, "sujets_de_priere": "A suivre", "temoignages": "", "created": "2022-01-25T02:04:31.922Z", "updated": "2022-01-25T02:04:31.922Z", "boss": [33, 30, 23]}}, {"model": "evangelisation.person", "pk": 18, "fields": {"author": null, "evangelisation": 25, "date": "2022-01-25", "nom_et_prenom": "emmanuel", "contacts": null, "quartier_d_habitation": "Total cavo", "accepte_jesus": "oui", "sexe": "masculin", "whatsapp": null, "sujets_de_priere": "", "temoignages": "", "created": "2022-01-25T02:04:31.927Z", "updated": "2022-01-25T02:04:31.927Z", "boss": []}}, {"model": "evangelisation.person", "pk": 19, "fields": {"author": null, "evangelisation": 25, "date": "2022-01-25", "nom_et_prenom": "joseph", "contacts": null, "quartier_d_habitation": "Total cavo", "accepte_jesus": "oui", "sexe": "masculin", "whatsapp": null, "sujets_de_priere": "", "temoignages": "", "created": "2022-01-25T02:04:31.931Z", "updated": "2022-01-25T02:04:31.931Z", "boss": []}}, {"model": "evangelisation.person", "pk": 20, "fields": {"author": null, "evangelisation": 25, "date": "2022-01-25", "nom_et_prenom": "jean", "contacts": 694763319, "quartier_d_habitation": "Total cavo", "accepte_jesus": "oui", "sexe": "masculin", "whatsapp": null, "sujets_de_priere": "", "temoignages": "", "created": "2022-01-25T02:04:31.935Z", "updated": "2022-01-25T02:04:31.935Z", "boss": []}}, {"model": "evangelisation.person", "pk": 21, "fields": {"author": null, "evangelisation": 25, "date": "2022-01-25", "nom_et_prenom": "risco", "contacts": null, "quartier_d_habitation": "Total cavo", "accepte_jesus": "oui", "sexe": "masculin", "whatsapp": null, "sujets_de_priere": "", "temoignages": "", "created": "2022-01-25T02:04:31.939Z", "updated": "2022-01-25T02:04:31.939Z", "boss": []}}, {"model": "evangelisation.person", "pk": 22, "fields": {"author": null, "evangelisation": 25, "date": "2022-01-25", "nom_et_prenom": "diego", "contacts": 651571336, "quartier_d_habitation": "mimbomann", "accepte_jesus": "ras", "sexe": "masculin", "whatsapp": null, "sujets_de_priere": "", "temoignages": "", "created": "2022-01-25T02:04:31.944Z", "updated": "2022-01-25T02:04:31.944Z", "boss": [4, 8, 48, 20, 21]}}, {"model": "evangelisation.person", "pk": 23, "fields": {"author": null, "evangelisation": 25, "date": "2022-01-25", "nom_et_prenom": "thierry", "contacts": 656416171, "quartier_d_habitation": "anguissa", "accepte_jesus": "d\u00e9j\u00e0", "sexe": "masculin", "whatsapp": null, "sujets_de_priere": "", "temoignages": "", "created": "2022-01-25T02:10:04.500Z", "updated": "2022-01-25T02:10:04.500Z", "boss": [4, 8, 48, 20, 21]}}, {"model": "evangelisation.person", "pk": 24, "fields": {"author": null, "evangelisation": 25, "date": "2022-01-25", "nom_et_prenom": "sorelle", "contacts": null, "quartier_d_habitation": "---", "accepte_jesus": "non", "sexe": "f\u00e9minin", "whatsapp": null, "sujets_de_priere": "", "temoignages": "", "created": "2022-01-25T02:10:04.506Z", "updated": "2022-01-25T02:10:04.506Z", "boss": []}}, {"model": "evangelisation.person", "pk": 25, "fields": {"author": null, "evangelisation": 25, "date": "2022-01-25", "nom_et_prenom": "mr germain", "contacts": null, "quartier_d_habitation": "---", "accepte_jesus": "ras", "sexe": "masculin", "whatsapp": null, "sujets_de_priere": "", "temoignages": "", "created": "2022-01-25T02:10:04.510Z", "updated": "2022-01-25T02:10:04.510Z", "boss": []}}, {"model": "evangelisation.person", "pk": 26, "fields": {"author": null, "evangelisation": 25, "date": "2022-01-25", "nom_et_prenom": "cyril tasse", "contacts": 651183576, "quartier_d_habitation": "---", "accepte_jesus": "non", "sexe": "masculin", "whatsapp": null, "sujets_de_priere": "", "temoignages": "", "created": "2022-01-25T02:10:04.514Z", "updated": "2022-01-25T02:10:04.514Z", "boss": [4, 8, 48, 20, 21]}}, {"model": "evangelisation.person", "pk": 27, "fields": {"author": null, "evangelisation": 25, "date": "2022-01-25", "nom_et_prenom": "nicolas", "contacts": 653534002, "quartier_d_habitation": "---", "accepte_jesus": "ras", "sexe": "masculin", "whatsapp": null, "sujets_de_priere": "", "temoignages": "", "created": "2022-01-25T02:10:04.517Z", "updated": "2022-01-25T02:10:04.517Z", "boss": [4, 8, 48, 20, 21]}}, {"model": "evangelisation.person", "pk": 28, "fields": {"author": null, "evangelisation": 23, "date": "2022-02-01", "nom_et_prenom": "line", "contacts": 682362663, "quartier_d_habitation": "elig edjoa", "accepte_jesus": "oui", "sexe": "f\u00e9minin", "whatsapp": "non", "sujets_de_priere": "que le p\u00e8re de son enfant prenne soin d'euent", "temoignages": "", "created": "2022-02-01T17:44:16.352Z", "updated": "2022-02-01T17:44:16.352Z", "boss": [3, 4]}}, {"model": "evangelisation.person", "pk": 29, "fields": {"author": null, "evangelisation": 23, "date": "2022-02-01", "nom_et_prenom": "simplice", "contacts": 699005402, "quartier_d_habitation": "Emombo", "accepte_jesus": "ras", "sexe": "masculin", "whatsapp": "non", "sujets_de_priere": "", "temoignages": "", "created": "2022-02-01T17:44:16.357Z", "updated": "2022-02-01T17:44:16.357Z", "boss": []}}, {"model": "evangelisation.person", "pk": 30, "fields": {"author": null, "evangelisation": 23, "date": "2022-02-01", "nom_et_prenom": "pierre", "contacts": 652173281, "quartier_d_habitation": "Titi garage", "accepte_jesus": "oui", "sexe": "masculin", "whatsapp": null, "sujets_de_priere": "il veut servir DIEU", "temoignages": "", "created": "2022-02-01T17:44:16.361Z", "updated": "2022-02-01T17:44:16.361Z", "boss": []}}, {"model": "evangelisation.person", "pk": 31, "fields": {"author": null, "evangelisation": 23, "date": "2022-02-01", "nom_et_prenom": "Franck", "contacts": 658470342, "quartier_d_habitation": "omnisport", "accepte_jesus": "oui", "sexe": "masculin", "whatsapp": null, "sujets_de_priere": "que son p\u00e8re adoptif change de comprteemnt envers lui", "temoignages": "", "created": "2022-02-01T17:44:16.365Z", "updated": "2022-02-01T17:44:16.365Z", "boss": [5]}}, {"model": "evangelisation.person", "pk": 32, "fields": {"author": null, "evangelisation": 23, "date": "2022-02-01", "nom_et_prenom": "mael", "contacts": 690435707, "quartier_d_habitation": "nkolmessen", "accepte_jesus": "ras", "sexe": "masculin", "whatsapp": null, "sujets_de_priere": "", "temoignages": "", "created": "2022-02-01T17:44:16.369Z", "updated": "2022-02-01T17:44:16.369Z", "boss": [6]}}, {"model": "evangelisation.person", "pk": 33, "fields": {"author": null, "evangelisation": 23, "date": "2022-02-01", "nom_et_prenom": "grace", "contacts": 657552327, "quartier_d_habitation": "nkolmessen", "accepte_jesus": "ras", "sexe": "f\u00e9minin", "whatsapp": null, "sujets_de_priere": "", "temoignages": "", "created": "2022-02-01T17:44:16.374Z", "updated": "2022-02-01T17:44:16.374Z", "boss": [4]}}, {"model": "evangelisation.person", "pk": 34, "fields": {"author": null, "evangelisation": 23, "date": "2022-02-01", "nom_et_prenom": "jonas", "contacts": null, "quartier_d_habitation": "eleveur", "accepte_jesus": "oui", "sexe": "masculin", "whatsapp": null, "sujets_de_priere": "progression dans l'apprentissage de l'\u00e9lectricit\u00e9", "temoignages": "", "created": "2022-02-01T17:44:16.378Z", "updated": "2022-02-01T17:44:16.378Z", "boss": [7]}}, {"model": "evangelisation.person", "pk": 35, "fields": {"author": null, "evangelisation": 24, "date": "2022-02-01", "nom_et_prenom": "titi bell", "contacts": 698180306, "quartier_d_habitation": "mvog ada", "accepte_jesus": "ras", "sexe": "masculin", "whatsapp": null, "sujets_de_priere": "", "temoignages": "", "created": "2022-02-01T17:44:16.382Z", "updated": "2022-02-01T17:44:16.382Z", "boss": [8, 9, 10]}}, {"model": "evangelisation.person", "pk": 36, "fields": {"author": null, "evangelisation": 24, "date": "2022-02-01", "nom_et_prenom": "thomas", "contacts": 679587796, "quartier_d_habitation": "mvog ada", "accepte_jesus": "ras", "sexe": "masculin", "whatsapp": null, "sujets_de_priere": "", "temoignages": "", "created": "2022-02-01T17:44:16.388Z", "updated": "2022-02-01T17:44:16.388Z", "boss": [8, 9, 10]}}, {"model": "evangelisation.person", "pk": 37, "fields": {"author": null, "evangelisation": 24, "date": "2022-02-01", "nom_et_prenom": "otto", "contacts": 656367345, "quartier_d_habitation": "mvog ada", "accepte_jesus": "oui", "sexe": "masculin", "whatsapp": null, "sujets_de_priere": "", "temoignages": "", "created": "2022-02-01T17:44:16.391Z", "updated": "2022-02-01T17:44:16.392Z", "boss": [8, 9, 10, 5]}}, {"model": "evangelisation.person", "pk": 38, "fields": {"author": null, "evangelisation": 24, "date": "2022-02-01", "nom_et_prenom": "marlyse", "contacts": 697830676, "quartier_d_habitation": "mendong", "accepte_jesus": "ras", "sexe": "f\u00e9minin", "whatsapp": null, "sujets_de_priere": "", "temoignages": "", "created": "2022-02-01T17:44:16.395Z", "updated": "2022-02-01T17:44:16.395Z", "boss": [8, 9, 10, 5]}}, {"model": "evangelisation.person", "pk": 39, "fields": {"author": null, "evangelisation": 24, "date": "2022-02-01", "nom_et_prenom": "jpseph", "contacts": 662108998, "quartier_d_habitation": "mvog ada", "accepte_jesus": "non", "sexe": "masculin", "whatsapp": null, "sujets_de_priere": "", "temoignages": "", "created": "2022-02-01T17:44:16.399Z", "updated": "2022-02-01T17:44:16.399Z", "boss": [8, 9, 10, 5]}}, {"model": "evangelisation.person", "pk": 40, "fields": {"author": null, "evangelisation": 20, "date": "2022-02-01", "nom_et_prenom": "estha", "contacts": 697605361, "quartier_d_habitation": "manguier", "accepte_jesus": "d\u00e9j\u00e0", "sexe": "f\u00e9minin", "whatsapp": null, "sujets_de_priere": "", "temoignages": "", "created": "2022-02-01T18:13:08.165Z", "updated": "2022-02-01T18:13:08.166Z", "boss": [11, 12, 23]}}, {"model": "evangelisation.person", "pk": 41, "fields": {"author": null, "evangelisation": 20, "date": "2022-02-01", "nom_et_prenom": "steve(2)", "contacts": 693017402, "quartier_d_habitation": "manguier", "accepte_jesus": "oui", "sexe": "masculin", "whatsapp": null, "sujets_de_priere": "", "temoignages": "", "created": "2022-02-01T18:13:08.173Z", "updated": "2022-02-01T18:13:08.173Z", "boss": [11, 12, 23]}}, {"model": "evangelisation.person", "pk": 42, "fields": {"author": null, "evangelisation": 20, "date": "2022-02-01", "nom_et_prenom": "flore", "contacts": 677105232, "quartier_d_habitation": "ekounou", "accepte_jesus": "d\u00e9j\u00e0", "sexe": "f\u00e9minin", "whatsapp": null, "sujets_de_priere": "", "temoignages": "", "created": "2022-02-01T18:13:08.178Z", "updated": "2022-02-01T18:13:08.178Z", "boss": []}}, {"model": "evangelisation.person", "pk": 43, "fields": {"author": null, "evangelisation": 20, "date": "2022-02-01", "nom_et_prenom": "nicole", "contacts": 695477841, "quartier_d_habitation": "manguier", "accepte_jesus": "oui", "sexe": "f\u00e9minin", "whatsapp": null, "sujets_de_priere": "", "temoignages": "", "created": "2022-02-01T18:13:08.182Z", "updated": "2022-02-01T18:13:08.182Z", "boss": []}}, {"model": "evangelisation.person", "pk": 44, "fields": {"author": null, "evangelisation": 20, "date": "2022-02-01", "nom_et_prenom": "dephine", "contacts": 679740966, "quartier_d_habitation": "manguier", "accepte_jesus": "d\u00e9j\u00e0", "sexe": "f\u00e9minin", "whatsapp": null, "sujets_de_priere": "", "temoignages": "", "created": "2022-02-01T18:13:08.186Z", "updated": "2022-02-01T18:13:08.186Z", "boss": []}}, {"model": "evangelisation.person", "pk": 45, "fields": {"author": null, "evangelisation": 20, "date": "2022-02-01", "nom_et_prenom": "mba danou", "contacts": 653073971, "quartier_d_habitation": "manguier", "accepte_jesus": "oui", "sexe": "masculin", "whatsapp": null, "sujets_de_priere": "", "temoignages": "", "created": "2022-02-01T18:13:08.190Z", "updated": "2022-02-01T18:13:08.191Z", "boss": []}}, {"model": "evangelisation.person", "pk": 46, "fields": {"author": null, "evangelisation": 21, "date": "2022-02-01", "nom_et_prenom": "richard", "contacts": 670718606, "quartier_d_habitation": "ngoa ekele", "accepte_jesus": "oui", "sexe": "masculin", "whatsapp": null, "sujets_de_priere": "", "temoignages": "", "created": "2022-02-01T18:13:08.195Z", "updated": "2022-02-01T18:13:08.195Z", "boss": []}}, {"model": "evangelisation.person", "pk": 47, "fields": {"author": null, "evangelisation": 21, "date": "2022-02-01", "nom_et_prenom": "stephanie", "contacts": 656163692, "quartier_d_habitation": "soa", "accepte_jesus": "oui", "sexe": "f\u00e9minin", "whatsapp": null, "sujets_de_priere": "", "temoignages": "", "created": "2022-02-01T18:13:08.199Z", "updated": "2022-02-01T18:13:08.199Z", "boss": []}}, {"model": "evangelisation.person", "pk": 48, "fields": {"author": null, "evangelisation": 21, "date": "2022-02-01", "nom_et_prenom": "lionel", "contacts": 697890935, "quartier_d_habitation": "nkolbisson", "accepte_jesus": "ras", "sexe": "masculin", "whatsapp": null, "sujets_de_priere": "", "temoignages": "", "created": "2022-02-01T18:13:08.203Z", "updated": "2022-02-01T18:13:08.203Z", "boss": []}}, {"model": "evangelisation.person", "pk": 49, "fields": {"author": null, "evangelisation": 21, "date": "2022-02-01", "nom_et_prenom": "corine", "contacts": 675582212, "quartier_d_habitation": "omnisport", "accepte_jesus": "non", "sexe": "f\u00e9minin", "whatsapp": null, "sujets_de_priere": "", "temoignages": "", "created": "2022-02-01T18:13:08.207Z", "updated": "2022-02-01T18:13:08.207Z", "boss": []}}, {"model": "evangelisation.person", "pk": 50, "fields": {"author": null, "evangelisation": 14, "date": "2022-02-01", "nom_et_prenom": "arnold", "contacts": 656404080, "quartier_d_habitation": "soa", "accepte_jesus": "oui", "sexe": "masculin", "whatsapp": null, "sujets_de_priere": "", "temoignages": "", "created": "2022-02-01T18:13:08.211Z", "updated": "2022-02-01T18:13:08.211Z", "boss": []}}, {"model": "evangelisation.person", "pk": 51, "fields": {"author": null, "evangelisation": 14, "date": "2022-02-01", "nom_et_prenom": "brice", "contacts": 656435785, "quartier_d_habitation": "---", "accepte_jesus": "oui", "sexe": "masculin", "whatsapp": null, "sujets_de_priere": "", "temoignages": "", "created": "2022-02-01T18:13:08.216Z", "updated": "2022-02-01T18:13:08.216Z", "boss": []}}, {"model": "evangelisation.person", "pk": 52, "fields": {"author": null, "evangelisation": 14, "date": "2022-02-01", "nom_et_prenom": "daniel", "contacts": 691229554, "quartier_d_habitation": "---", "accepte_jesus": "oui", "sexe": "masculin", "whatsapp": null, "sujets_de_priere": "", "temoignages": "", "created": "2022-02-01T18:13:08.220Z", "updated": "2022-02-01T18:13:08.220Z", "boss": []}}, {"model": "evangelisation.person", "pk": 53, "fields": {"author": null, "evangelisation": 22, "date": "2022-02-01", "nom_et_prenom": "maxime", "contacts": 671184671, "quartier_d_habitation": "mbankolo", "accepte_jesus": "oui", "sexe": "masculin", "whatsapp": null, "sujets_de_priere": "orientation acad\u00e9mique", "temoignages": "", "created": "2022-02-01T18:13:08.224Z", "updated": "2022-02-01T18:13:08.224Z", "boss": []}}, {"model": "evangelisation.person", "pk": 54, "fields": {"author": null, "evangelisation": 22, "date": "2022-02-01", "nom_et_prenom": "andr\u00e9", "contacts": null, "quartier_d_habitation": "elig edjoa", "accepte_jesus": "oui", "sexe": "masculin", "whatsapp": null, "sujets_de_priere": "", "temoignages": "", "created": "2022-02-01T18:13:08.230Z", "updated": "2022-02-01T18:13:08.230Z", "boss": []}}, {"model": "evangelisation.person", "pk": 55, "fields": {"author": null, "evangelisation": 22, "date": "2022-02-01", "nom_et_prenom": "jordan", "contacts": null, "quartier_d_habitation": "---", "accepte_jesus": "ras", "sexe": "masculin", "whatsapp": null, "sujets_de_priere": "", "temoignages": "", "created": "2022-02-01T18:13:08.235Z", "updated": "2022-02-01T18:13:08.235Z", "boss": []}}, {"model": "evangelisation.person", "pk": 56, "fields": {"author": null, "evangelisation": 22, "date": "2022-02-01", "nom_et_prenom": "franck (2)", "contacts": 692617183, "quartier_d_habitation": "---", "accepte_jesus": "ras", "sexe": "masculin", "whatsapp": null, "sujets_de_priere": "", "temoignages": "", "created": "2022-02-01T18:13:08.241Z", "updated": "2022-02-01T18:13:08.241Z", "boss": []}}, {"model": "evangelisation.person", "pk": 57, "fields": {"author": null, "evangelisation": 20, "date": "2022-02-01", "nom_et_prenom": "ma germaine", "contacts": null, "quartier_d_habitation": "manguier", "accepte_jesus": "ras", "sexe": "f\u00e9minin", "whatsapp": null, "sujets_de_priere": "", "temoignages": "", "created": "2022-02-01T18:15:01.786Z", "updated": "2022-02-01T18:15:01.786Z", "boss": []}}, {"model": "evangelisation.person", "pk": 58, "fields": {"author": null, "evangelisation": 17, "date": "2022-02-01", "nom_et_prenom": "barbara", "contacts": 698284186, "quartier_d_habitation": "omnisport", "accepte_jesus": "oui", "sexe": "f\u00e9minin", "whatsapp": null, "sujets_de_priere": "", "temoignages": "", "created": "2022-02-01T18:33:07.586Z", "updated": "2022-02-01T18:33:07.586Z", "boss": []}}, {"model": "evangelisation.person", "pk": 59, "fields": {"author": null, "evangelisation": 17, "date": "2022-02-01", "nom_et_prenom": "jean stephane", "contacts": null, "quartier_d_habitation": "---", "accepte_jesus": "non", "sexe": "masculin", "whatsapp": null, "sujets_de_priere": "", "temoignages": "", "created": "2022-02-01T18:33:07.592Z", "updated": "2022-02-01T18:33:07.592Z", "boss": []}}, {"model": "evangelisation.person", "pk": 60, "fields": {"author": null, "evangelisation": 17, "date": "2022-02-01", "nom_et_prenom": "claude", "contacts": 690858994, "quartier_d_habitation": "Titi garage", "accepte_jesus": "oui", "sexe": "masculin", "whatsapp": null, "sujets_de_priere": "", "temoignages": "", "created": "2022-02-01T18:33:07.596Z", "updated": "2022-02-01T18:33:07.596Z", "boss": []}}, {"model": "evangelisation.person", "pk": 61, "fields": {"author": null, "evangelisation": 17, "date": "2022-02-01", "nom_et_prenom": "lazare", "contacts": 695761678, "quartier_d_habitation": "---", "accepte_jesus": "d\u00e9j\u00e0", "sexe": "masculin", "whatsapp": null, "sujets_de_priere": "", "temoignages": "", "created": "2022-02-01T18:33:07.601Z", "updated": "2022-02-01T18:33:07.601Z", "boss": []}}, {"model": "evangelisation.person", "pk": 62, "fields": {"author": null, "evangelisation": 17, "date": "2022-02-01", "nom_et_prenom": "beke mekeme francine", "contacts": null, "quartier_d_habitation": "---", "accepte_jesus": "d\u00e9j\u00e0", "sexe": "f\u00e9minin", "whatsapp": null, "sujets_de_priere": "prier pour que son marie soit libre car il travail le diamnche", "temoignages": "", "created": "2022-02-01T18:33:07.605Z", "updated": "2022-02-01T18:33:07.605Z", "boss": []}}, {"model": "evangelisation.person", "pk": 63, "fields": {"author": null, "evangelisation": 17, "date": "2022-02-01", "nom_et_prenom": "bibous emmanuel", "contacts": 699977085, "quartier_d_habitation": "omnisport", "accepte_jesus": "d\u00e9j\u00e0", "sexe": "masculin", "whatsapp": null, "sujets_de_priere": "", "temoignages": "", "created": "2022-02-01T18:33:07.609Z", "updated": "2022-02-01T18:33:07.609Z", "boss": []}}, {"model": "evangelisation.person", "pk": 64, "fields": {"author": null, "evangelisation": 19, "date": "2022-02-01", "nom_et_prenom": "sandrine", "contacts": 698768286, "quartier_d_habitation": "biteng", "accepte_jesus": "oui", "sexe": "f\u00e9minin", "whatsapp": "oui", "sujets_de_priere": "", "temoignages": "", "created": "2022-02-01T18:33:07.613Z", "updated": "2022-02-01T18:33:07.613Z", "boss": []}}, {"model": "evangelisation.person", "pk": 65, "fields": {"author": null, "evangelisation": 19, "date": "2022-02-01", "nom_et_prenom": "landry", "contacts": 690765014, "quartier_d_habitation": "nkolgongo", "accepte_jesus": "oui", "sexe": "masculin", "whatsapp": "oui", "sujets_de_priere": "", "temoignages": "", "created": "2022-02-01T18:33:07.618Z", "updated": "2022-02-01T18:33:07.618Z", "boss": []}}, {"model": "evangelisation.person", "pk": 66, "fields": {"author": null, "evangelisation": 19, "date": "2022-02-01", "nom_et_prenom": "rugal", "contacts": 690901631, "quartier_d_habitation": "nkoabang", "accepte_jesus": "oui", "sexe": "masculin", "whatsapp": null, "sujets_de_priere": "", "temoignages": "", "created": "2022-02-01T18:33:07.623Z", "updated": "2022-02-01T18:33:07.623Z", "boss": []}}, {"model": "evangelisation.person", "pk": 67, "fields": {"author": null, "evangelisation": 19, "date": "2022-02-01", "nom_et_prenom": "samuel", "contacts": null, "quartier_d_habitation": "---", "accepte_jesus": "oui", "sexe": "masculin", "whatsapp": null, "sujets_de_priere": "", "temoignages": "", "created": "2022-02-01T18:33:07.627Z", "updated": "2022-02-01T18:33:07.627Z", "boss": []}}, {"model": "evangelisation.person", "pk": 68, "fields": {"author": null, "evangelisation": 19, "date": "2022-02-01", "nom_et_prenom": "cynthia", "contacts": null, "quartier_d_habitation": "nkoabang", "accepte_jesus": "oui", "sexe": "f\u00e9minin", "whatsapp": null, "sujets_de_priere": "", "temoignages": "", "created": "2022-02-01T18:33:07.631Z", "updated": "2022-02-01T18:33:07.631Z", "boss": []}}, {"model": "evangelisation.person", "pk": 69, "fields": {"author": null, "evangelisation": 19, "date": "2022-02-01", "nom_et_prenom": "carine", "contacts": 658174410, "quartier_d_habitation": "mimboman", "accepte_jesus": "non", "sexe": "f\u00e9minin", "whatsapp": null, "sujets_de_priere": "", "temoignages": "", "created": "2022-02-01T18:33:07.635Z", "updated": "2022-02-01T18:33:07.635Z", "boss": []}}, {"model": "evangelisation.person", "pk": 70, "fields": {"author": null, "evangelisation": 19, "date": "2022-02-01", "nom_et_prenom": "gaelle", "contacts": null, "quartier_d_habitation": "---", "accepte_jesus": "non", "sexe": "f\u00e9minin", "whatsapp": null, "sujets_de_priere": "", "temoignages": "", "created": "2022-02-01T18:33:07.639Z", "updated": "2022-02-01T18:33:07.639Z", "boss": []}}, {"model": "evangelisation.person", "pk": 71, "fields": {"author": null, "evangelisation": 18, "date": "2022-02-01", "nom_et_prenom": "idris nwos", "contacts": 695696014, "quartier_d_habitation": "manguier", "accepte_jesus": "d\u00e9j\u00e0", "sexe": "masculin", "whatsapp": null, "sujets_de_priere": "maladie des nerf et genoux", "temoignages": "", "created": "2022-02-01T18:37:18.842Z", "updated": "2022-02-01T18:37:18.842Z", "boss": []}}, {"model": "evangelisation.person", "pk": 72, "fields": {"author": null, "evangelisation": 17, "date": "2022-02-01", "nom_et_prenom": "thomas enock", "contacts": 692288884, "quartier_d_habitation": "omnisport", "accepte_jesus": "d\u00e9j\u00e0", "sexe": "masculin", "whatsapp": null, "sujets_de_priere": "", "temoignages": "", "created": "2022-02-01T18:37:18.848Z", "updated": "2022-02-01T18:37:18.848Z", "boss": []}}, {"model": "evangelisation.person", "pk": 73, "fields": {"author": null, "evangelisation": 17, "date": "2022-02-01", "nom_et_prenom": "carole (2)", "contacts": 695401920, "quartier_d_habitation": "melen", "accepte_jesus": "ras", "sexe": "f\u00e9minin", "whatsapp": null, "sujets_de_priere": "", "temoignages": "", "created": "2022-02-01T18:37:18.852Z", "updated": "2022-02-01T18:37:18.852Z", "boss": []}}, {"model": "evangelisation.person", "pk": 74, "fields": {"author": null, "evangelisation": 15, "date": "2022-02-01", "nom_et_prenom": "hoplog godwin", "contacts": 675095559, "quartier_d_habitation": "soa", "accepte_jesus": "d\u00e9j\u00e0", "sexe": "masculin", "whatsapp": null, "sujets_de_priere": "", "temoignages": "", "created": "2022-02-01T18:46:44.505Z", "updated": "2022-02-01T18:46:44.505Z", "boss": []}}, {"model": "evangelisation.person", "pk": 75, "fields": {"author": null, "evangelisation": 15, "date": "2022-02-01", "nom_et_prenom": "epoubomo ozias", "contacts": 690244325, "quartier_d_habitation": "eleveur", "accepte_jesus": "oui", "sexe": "masculin", "whatsapp": null, "sujets_de_priere": "", "temoignages": "", "created": "2022-02-01T18:46:44.511Z", "updated": "2022-02-01T18:46:44.511Z", "boss": []}}, {"model": "evangelisation.person", "pk": 76, "fields": {"author": null, "evangelisation": 15, "date": "2022-02-01", "nom_et_prenom": "karel mwansi", "contacts": 659141907, "quartier_d_habitation": "ngousso", "accepte_jesus": "oui", "sexe": "f\u00e9minin", "whatsapp": null, "sujets_de_priere": "", "temoignages": "", "created": "2022-02-01T18:46:44.516Z", "updated": "2022-02-01T18:46:44.516Z", "boss": []}}, {"model": "evangelisation.person", "pk": 77, "fields": {"author": null, "evangelisation": 16, "date": "2022-02-01", "nom_et_prenom": "paul madjie", "contacts": 657356033, "quartier_d_habitation": "bastos", "accepte_jesus": "d\u00e9j\u00e0", "sexe": "masculin", "whatsapp": null, "sujets_de_priere": "", "temoignages": "", "created": "2022-02-01T18:46:44.520Z", "updated": "2022-02-01T18:46:44.520Z", "boss": []}}, {"model": "evangelisation.person", "pk": 78, "fields": {"author": null, "evangelisation": 16, "date": "2022-02-01", "nom_et_prenom": "abaka", "contacts": 698528587, "quartier_d_habitation": "nkomkana", "accepte_jesus": "ras", "sexe": "masculin", "whatsapp": null, "sujets_de_priere": "", "temoignages": "", "created": "2022-02-01T18:46:44.524Z", "updated": "2022-02-01T18:46:44.524Z", "boss": []}}, {"model": "evangelisation.person", "pk": 79, "fields": {"author": null, "evangelisation": 16, "date": "2022-02-01", "nom_et_prenom": "liliane", "contacts": 659270060, "quartier_d_habitation": "soa", "accepte_jesus": "ras", "sexe": "f\u00e9minin", "whatsapp": null, "sujets_de_priere": "", "temoignages": "", "created": "2022-02-01T18:46:44.529Z", "updated": "2022-02-01T18:46:44.529Z", "boss": []}}, {"model": "evangelisation.person", "pk": 80, "fields": {"author": null, "evangelisation": 17, "date": "2022-02-01", "nom_et_prenom": "roger", "contacts": 678343120, "quartier_d_habitation": "fouda", "accepte_jesus": "non", "sexe": "masculin", "whatsapp": null, "sujets_de_priere": "", "temoignages": "", "created": "2022-02-01T18:46:44.533Z", "updated": "2022-02-01T18:46:44.533Z", "boss": []}}, {"model": "evangelisation.person", "pk": 81, "fields": {"author": null, "evangelisation": 17, "date": "2022-02-01", "nom_et_prenom": "zidane", "contacts": 678348066, "quartier_d_habitation": "nkolmessen", "accepte_jesus": "ras", "sexe": "masculin", "whatsapp": null, "sujets_de_priere": "", "temoignages": "", "created": "2022-02-01T18:46:44.537Z", "updated": "2022-02-01T18:46:44.537Z", "boss": []}}, {"model": "evangelisation.person", "pk": 82, "fields": {"author": null, "evangelisation": 12, "date": "2022-02-01", "nom_et_prenom": "emmanuel(2)", "contacts": 651462064, "quartier_d_habitation": "etoudi", "accepte_jesus": "oui", "sexe": "masculin", "whatsapp": null, "sujets_de_priere": "", "temoignages": "", "created": "2022-02-01T19:03:54.960Z", "updated": "2022-02-01T19:03:54.960Z", "boss": []}}, {"model": "evangelisation.person", "pk": 83, "fields": {"author": null, "evangelisation": 12, "date": "2022-02-01", "nom_et_prenom": "monthe franck", "contacts": null, "quartier_d_habitation": "fouda", "accepte_jesus": "oui", "sexe": "masculin", "whatsapp": null, "sujets_de_priere": "", "temoignages": "", "created": "2022-02-01T19:03:54.968Z", "updated": "2022-02-01T19:03:54.968Z", "boss": []}}, {"model": "evangelisation.person", "pk": 84, "fields": {"author": null, "evangelisation": 12, "date": "2022-02-01", "nom_et_prenom": "adamou joseph", "contacts": 697322923, "quartier_d_habitation": "mobile omnisport", "accepte_jesus": "oui", "sexe": "masculin", "whatsapp": null, "sujets_de_priere": "", "temoignages": "", "created": "2022-02-01T19:03:54.972Z", "updated": "2022-02-01T19:03:54.972Z", "boss": []}}, {"model": "evangelisation.person", "pk": 85, "fields": {"author": null, "evangelisation": 13, "date": "2022-02-01", "nom_et_prenom": "aboubakar mohamadou", "contacts": null, "quartier_d_habitation": "---", "accepte_jesus": "oui", "sexe": "masculin", "whatsapp": null, "sujets_de_priere": "", "temoignages": "", "created": "2022-02-01T19:03:54.976Z", "updated": "2022-02-01T19:03:54.976Z", "boss": []}}, {"model": "evangelisation.person", "pk": 86, "fields": {"author": null, "evangelisation": 13, "date": "2022-02-01", "nom_et_prenom": "abdouraman", "contacts": null, "quartier_d_habitation": "---", "accepte_jesus": "ras", "sexe": "masculin", "whatsapp": null, "sujets_de_priere": "", "temoignages": "", "created": "2022-02-01T19:03:54.981Z", "updated": "2022-02-01T19:03:54.981Z", "boss": []}}, {"model": "evangelisation.person", "pk": 87, "fields": {"author": null, "evangelisation": 13, "date": "2022-02-01", "nom_et_prenom": "kaima raoul", "contacts": null, "quartier_d_habitation": "---", "accepte_jesus": "ras", "sexe": "masculin", "whatsapp": null, "sujets_de_priere": "", "temoignages": "", "created": "2022-02-01T19:03:54.985Z", "updated": "2022-02-01T19:03:54.985Z", "boss": []}}, {"model": "evangelisation.person", "pk": 88, "fields": {"author": null, "evangelisation": 13, "date": "2022-02-01", "nom_et_prenom": "bello jean", "contacts": null, "quartier_d_habitation": "---", "accepte_jesus": "ras", "sexe": "masculin", "whatsapp": null, "sujets_de_priere": "", "temoignages": "", "created": "2022-02-01T19:03:54.990Z", "updated": "2022-02-01T19:03:54.990Z", "boss": []}}, {"model": "evangelisation.person", "pk": 89, "fields": {"author": null, "evangelisation": 13, "date": "2022-02-01", "nom_et_prenom": "mohamadou hamza", "contacts": null, "quartier_d_habitation": "---", "accepte_jesus": "ras", "sexe": "masculin", "whatsapp": null, "sujets_de_priere": "", "temoignages": "", "created": "2022-02-01T19:03:54.994Z", "updated": "2022-02-01T19:03:54.994Z", "boss": []}}, {"model": "evangelisation.person", "pk": 90, "fields": {"author": null, "evangelisation": 13, "date": "2022-02-01", "nom_et_prenom": "dider (2)", "contacts": 665274472, "quartier_d_habitation": "---", "accepte_jesus": "non", "sexe": "masculin", "whatsapp": null, "sujets_de_priere": "", "temoignages": "", "created": "2022-02-01T19:03:54.998Z", "updated": "2022-02-01T19:03:54.998Z", "boss": []}}, {"model": "evangelisation.person", "pk": 91, "fields": {"author": null, "evangelisation": 13, "date": "2022-02-01", "nom_et_prenom": "franck (3)", "contacts": 680685556, "quartier_d_habitation": "---", "accepte_jesus": "oui", "sexe": "masculin", "whatsapp": null, "sujets_de_priere": "", "temoignages": "", "created": "2022-02-01T19:03:55.003Z", "updated": "2022-02-01T19:03:55.003Z", "boss": []}}, {"model": "evangelisation.person", "pk": 92, "fields": {"author": null, "evangelisation": 14, "date": "2022-02-01", "nom_et_prenom": "laetitia", "contacts": null, "quartier_d_habitation": "---", "accepte_jesus": "ras", "sexe": "f\u00e9minin", "whatsapp": null, "sujets_de_priere": "", "temoignages": "", "created": "2022-02-01T19:03:55.007Z", "updated": "2022-02-01T19:03:55.007Z", "boss": []}}, {"model": "evangelisation.person", "pk": 93, "fields": {"author": null, "evangelisation": 14, "date": "2022-02-01", "nom_et_prenom": "david", "contacts": 693618239, "quartier_d_habitation": "nptune nkotemgui", "accepte_jesus": "d\u00e9j\u00e0", "sexe": "masculin", "whatsapp": null, "sujets_de_priere": "", "temoignages": "", "created": "2022-02-01T19:03:55.011Z", "updated": "2022-02-01T19:03:55.011Z", "boss": []}}, {"model": "evangelisation.person", "pk": 94, "fields": {"author": null, "evangelisation": 4, "date": "2022-02-01", "nom_et_prenom": "emmanuel(m)", "contacts": 670119595, "quartier_d_habitation": "mvog ada", "accepte_jesus": "d\u00e9j\u00e0", "sexe": "masculin", "whatsapp": null, "sujets_de_priere": "", "temoignages": "", "created": "2022-02-01T19:03:55.015Z", "updated": "2022-02-01T19:03:55.015Z", "boss": []}}, {"model": "evangelisation.person", "pk": 95, "fields": {"author": null, "evangelisation": 2, "date": "2022-02-01", "nom_et_prenom": "jordan(1)", "contacts": 652647046, "quartier_d_habitation": "eleveur", "accepte_jesus": "non", "sexe": "masculin", "whatsapp": "oui", "sujets_de_priere": "", "temoignages": "", "created": "2022-02-01T19:13:38.566Z", "updated": "2022-02-01T19:13:38.566Z", "boss": []}}, {"model": "evangelisation.person", "pk": 96, "fields": {"author": null, "evangelisation": 3, "date": "2022-02-01", "nom_et_prenom": "joseph(2)", "contacts": 691412190, "quartier_d_habitation": "monte ludo", "accepte_jesus": "oui", "sexe": "masculin", "whatsapp": "oui", "sujets_de_priere": "", "temoignages": "", "created": "2022-02-01T19:13:38.573Z", "updated": "2022-02-01T19:13:38.573Z", "boss": []}}, {"model": "evangelisation.person", "pk": 97, "fields": {"author": null, "evangelisation": 3, "date": "2022-02-01", "nom_et_prenom": "fabiola", "contacts": 697872907, "quartier_d_habitation": "---", "accepte_jesus": "oui", "sexe": "f\u00e9minin", "whatsapp": null, "sujets_de_priere": "", "temoignages": "", "created": "2022-02-01T19:13:38.577Z", "updated": "2022-02-01T19:13:38.577Z", "boss": []}}, {"model": "evangelisation.person", "pk": 98, "fields": {"author": null, "evangelisation": 3, "date": "2022-02-01", "nom_et_prenom": "abigaela", "contacts": null, "quartier_d_habitation": "---", "accepte_jesus": "oui", "sexe": "f\u00e9minin", "whatsapp": null, "sujets_de_priere": "", "temoignages": "", "created": "2022-02-01T19:13:38.581Z", "updated": "2022-02-01T19:13:38.581Z", "boss": []}}, {"model": "evangelisation.person", "pk": 99, "fields": {"author": null, "evangelisation": 3, "date": "2022-02-01", "nom_et_prenom": "farel", "contacts": null, "quartier_d_habitation": "---", "accepte_jesus": "ras", "sexe": "f\u00e9minin", "whatsapp": null, "sujets_de_priere": "", "temoignages": "", "created": "2022-02-01T19:13:38.586Z", "updated": "2022-02-01T19:13:38.586Z", "boss": []}}, {"model": "evangelisation.person", "pk": 100, "fields": {"author": null, "evangelisation": 3, "date": "2022-02-01", "nom_et_prenom": "essama", "contacts": 698479637, "quartier_d_habitation": "---", "accepte_jesus": "ras", "sexe": "masculin", "whatsapp": null, "sujets_de_priere": "", "temoignages": "", "created": "2022-02-01T19:13:38.590Z", "updated": "2022-02-01T19:13:38.590Z", "boss": []}}, {"model": "evangelisation.person", "pk": 101, "fields": {"author": null, "evangelisation": 3, "date": "2022-02-01", "nom_et_prenom": "mr zogo", "contacts": 679590179, "quartier_d_habitation": "---", "accepte_jesus": "non", "sexe": "masculin", "whatsapp": null, "sujets_de_priere": "", "temoignages": "", "created": "2022-02-01T19:13:38.594Z", "updated": "2022-02-01T19:13:38.594Z", "boss": []}}, {"model": "evangelisation.person", "pk": 102, "fields": {"author": null, "evangelisation": 3, "date": "2022-02-01", "nom_et_prenom": "bouquet", "contacts": 673271103, "quartier_d_habitation": "---", "accepte_jesus": "ras", "sexe": "f\u00e9minin", "whatsapp": null, "sujets_de_priere": "", "temoignages": "", "created": "2022-02-01T19:13:38.598Z", "updated": "2022-02-01T19:13:38.598Z", "boss": []}}, {"model": "evangelisation.person", "pk": 103, "fields": {"author": null, "evangelisation": 4, "date": "2022-02-01", "nom_et_prenom": "ngo biyaga", "contacts": null, "quartier_d_habitation": "---", "accepte_jesus": "oui", "sexe": "f\u00e9minin", "whatsapp": null, "sujets_de_priere": "", "temoignages": "", "created": "2022-02-01T19:13:38.603Z", "updated": "2022-02-01T19:13:38.603Z", "boss": []}}, {"model": "evangelisation.person", "pk": 104, "fields": {"author": null, "evangelisation": 11, "date": "2022-02-01", "nom_et_prenom": "evelyne", "contacts": 665582926, "quartier_d_habitation": "nkoldongo", "accepte_jesus": "oui", "sexe": "f\u00e9minin", "whatsapp": null, "sujets_de_priere": "", "temoignages": "", "created": "2022-02-01T19:27:28.731Z", "updated": "2022-02-01T19:27:28.731Z", "boss": []}}, {"model": "evangelisation.person", "pk": 105, "fields": {"author": null, "evangelisation": 11, "date": "2022-02-01", "nom_et_prenom": "simon", "contacts": 657818097, "quartier_d_habitation": "nkoldongo", "accepte_jesus": "oui", "sexe": "masculin", "whatsapp": null, "sujets_de_priere": "", "temoignages": "", "created": "2022-02-01T19:27:28.737Z", "updated": "2022-02-01T19:27:28.737Z", "boss": []}}, {"model": "evangelisation.person", "pk": 106, "fields": {"author": null, "evangelisation": 11, "date": "2022-02-01", "nom_et_prenom": "joseph(4)", "contacts": 691637015, "quartier_d_habitation": "---", "accepte_jesus": "oui", "sexe": "masculin", "whatsapp": null, "sujets_de_priere": "", "temoignages": "", "created": "2022-02-01T19:27:28.741Z", "updated": "2022-02-01T19:27:28.741Z", "boss": []}}, {"model": "evangelisation.person", "pk": 107, "fields": {"author": null, "evangelisation": 11, "date": "2022-02-01", "nom_et_prenom": "dandi", "contacts": 696950608, "quartier_d_habitation": "---", "accepte_jesus": "oui", "sexe": "f\u00e9minin", "whatsapp": null, "sujets_de_priere": "", "temoignages": "", "created": "2022-02-01T19:27:28.745Z", "updated": "2022-02-01T19:27:28.745Z", "boss": []}}, {"model": "evangelisation.person", "pk": 108, "fields": {"author": null, "evangelisation": 11, "date": "2022-02-01", "nom_et_prenom": "andrea", "contacts": 656950608, "quartier_d_habitation": "---", "accepte_jesus": "non", "sexe": "f\u00e9minin", "whatsapp": null, "sujets_de_priere": "", "temoignages": "", "created": "2022-02-01T19:27:28.749Z", "updated": "2022-02-01T19:27:28.749Z", "boss": []}}, {"model": "evangelisation.person", "pk": 109, "fields": {"author": null, "evangelisation": 11, "date": "2022-02-01", "nom_et_prenom": "kevin margal", "contacts": 674200257, "quartier_d_habitation": "---", "accepte_jesus": "oui", "sexe": "masculin", "whatsapp": null, "sujets_de_priere": "", "temoignages": "", "created": "2022-02-01T19:27:28.753Z", "updated": "2022-02-01T19:27:28.753Z", "boss": []}}, {"model": "evangelisation.person", "pk": 110, "fields": {"author": null, "evangelisation": 11, "date": "2022-02-01", "nom_et_prenom": "blaise", "contacts": 658267655, "quartier_d_habitation": "---", "accepte_jesus": "oui", "sexe": "masculin", "whatsapp": null, "sujets_de_priere": "", "temoignages": "", "created": "2022-02-01T19:27:28.757Z", "updated": "2022-02-01T19:27:28.757Z", "boss": []}}, {"model": "evangelisation.person", "pk": 111, "fields": {"author": null, "evangelisation": 11, "date": "2022-02-01", "nom_et_prenom": "dival", "contacts": 690318088, "quartier_d_habitation": "---", "accepte_jesus": "oui", "sexe": "masculin", "whatsapp": null, "sujets_de_priere": "", "temoignages": "", "created": "2022-02-01T19:27:28.761Z", "updated": "2022-02-01T19:27:28.761Z", "boss": []}}, {"model": "evangelisation.person", "pk": 112, "fields": {"author": null, "evangelisation": 11, "date": "2022-02-01", "nom_et_prenom": "astride", "contacts": 676735470, "quartier_d_habitation": "byem assi", "accepte_jesus": "oui", "sexe": "f\u00e9minin", "whatsapp": null, "sujets_de_priere": "", "temoignages": "", "created": "2022-02-01T19:27:28.765Z", "updated": "2022-02-01T19:27:28.765Z", "boss": []}}, {"model": "evangelisation.person", "pk": 113, "fields": {"author": null, "evangelisation": 11, "date": "2022-02-01", "nom_et_prenom": "kelvin", "contacts": 672806100, "quartier_d_habitation": "essos", "accepte_jesus": "non", "sexe": "masculin", "whatsapp": null, "sujets_de_priere": "", "temoignages": "", "created": "2022-02-01T19:27:28.768Z", "updated": "2022-02-01T19:27:28.768Z", "boss": []}}, {"model": "evangelisation.person", "pk": 114, "fields": {"author": null, "evangelisation": 11, "date": "2022-02-01", "nom_et_prenom": "moussa", "contacts": null, "quartier_d_habitation": "---", "accepte_jesus": "non", "sexe": "masculin", "whatsapp": null, "sujets_de_priere": "", "temoignages": "", "created": "2022-02-01T19:27:28.772Z", "updated": "2022-02-01T19:27:28.772Z", "boss": []}}, {"model": "evangelisation.person", "pk": 115, "fields": {"author": null, "evangelisation": 11, "date": "2022-02-01", "nom_et_prenom": "april", "contacts": 662029513, "quartier_d_habitation": "anguissa", "accepte_jesus": "non", "sexe": "f\u00e9minin", "whatsapp": null, "sujets_de_priere": "", "temoignages": "", "created": "2022-02-01T19:27:28.775Z", "updated": "2022-02-01T19:27:28.775Z", "boss": []}}, {"model": "evangelisation.person", "pk": 116, "fields": {"author": null, "evangelisation": 2, "date": "2022-02-01", "nom_et_prenom": "th\u00e9o", "contacts": 651447090, "quartier_d_habitation": "angoma", "accepte_jesus": "ras", "sexe": "masculin", "whatsapp": null, "sujets_de_priere": "", "temoignages": "", "created": "2022-02-01T19:51:53.849Z", "updated": "2022-02-01T19:51:53.849Z", "boss": []}}, {"model": "evangelisation.person", "pk": 117, "fields": {"author": null, "evangelisation": 2, "date": "2022-02-01", "nom_et_prenom": "zou ratou", "contacts": 681479871, "quartier_d_habitation": "bamedji", "accepte_jesus": "oui", "sexe": "f\u00e9minin", "whatsapp": null, "sujets_de_priere": "", "temoignages": "", "created": "2022-02-01T19:51:53.856Z", "updated": "2022-02-01T19:51:53.856Z", "boss": []}}, {"model": "evangelisation.person", "pk": 118, "fields": {"author": null, "evangelisation": 4, "date": "2022-02-01", "nom_et_prenom": "elessa", "contacts": 656253739, "quartier_d_habitation": "---", "accepte_jesus": "d\u00e9j\u00e0", "sexe": "f\u00e9minin", "whatsapp": null, "sujets_de_priere": "", "temoignages": "", "created": "2022-02-01T19:51:53.860Z", "updated": "2022-02-01T19:51:53.860Z", "boss": []}}, {"model": "evangelisation.person", "pk": 119, "fields": {"author": null, "evangelisation": 4, "date": "2022-02-01", "nom_et_prenom": "maysamr", "contacts": 690085181, "quartier_d_habitation": "ema", "accepte_jesus": "d\u00e9j\u00e0", "sexe": "f\u00e9minin", "whatsapp": null, "sujets_de_priere": "", "temoignages": "", "created": "2022-02-01T19:51:53.864Z", "updated": "2022-02-01T19:51:53.864Z", "boss": []}}, {"model": "evangelisation.person", "pk": 120, "fields": {"author": null, "evangelisation": 4, "date": "2022-02-01", "nom_et_prenom": "king ghis", "contacts": 656968936, "quartier_d_habitation": "---", "accepte_jesus": "oui", "sexe": "masculin", "whatsapp": null, "sujets_de_priere": "", "temoignages": "", "created": "2022-02-01T19:51:53.868Z", "updated": "2022-02-01T19:51:53.868Z", "boss": []}}, {"model": "evangelisation.person", "pk": 121, "fields": {"author": null, "evangelisation": 4, "date": "2022-02-01", "nom_et_prenom": "leo", "contacts": 658117971, "quartier_d_habitation": "---", "accepte_jesus": "d\u00e9j\u00e0", "sexe": "masculin", "whatsapp": null, "sujets_de_priere": "", "temoignages": "", "created": "2022-02-01T19:51:53.873Z", "updated": "2022-02-01T19:51:53.873Z", "boss": []}}, {"model": "evangelisation.person", "pk": 122, "fields": {"author": null, "evangelisation": 4, "date": "2022-02-01", "nom_et_prenom": "modrai", "contacts": 670832079, "quartier_d_habitation": "---", "accepte_jesus": "non", "sexe": "masculin", "whatsapp": null, "sujets_de_priere": "", "temoignages": "", "created": "2022-02-01T19:51:53.877Z", "updated": "2022-02-01T19:51:53.877Z", "boss": []}}, {"model": "evangelisation.person", "pk": 123, "fields": {"author": null, "evangelisation": 4, "date": "2022-02-01", "nom_et_prenom": "aboubakar(2)", "contacts": 672606760, "quartier_d_habitation": "---", "accepte_jesus": "oui", "sexe": "masculin", "whatsapp": null, "sujets_de_priere": "", "temoignages": "", "created": "2022-02-01T19:51:53.880Z", "updated": "2022-02-01T19:51:53.880Z", "boss": []}}, {"model": "evangelisation.person", "pk": 124, "fields": {"author": null, "evangelisation": 4, "date": "2022-02-01", "nom_et_prenom": "moussa(2)", "contacts": 697430113, "quartier_d_habitation": "---", "accepte_jesus": "d\u00e9j\u00e0", "sexe": "masculin", "whatsapp": null, "sujets_de_priere": "", "temoignages": "", "created": "2022-02-01T19:51:53.885Z", "updated": "2022-02-01T19:51:53.885Z", "boss": []}}, {"model": "evangelisation.person", "pk": 125, "fields": {"author": null, "evangelisation": 4, "date": "2022-02-01", "nom_et_prenom": "bisso berthe(veuve)", "contacts": null, "quartier_d_habitation": "---", "accepte_jesus": "ras", "sexe": "f\u00e9minin", "whatsapp": null, "sujets_de_priere": "", "temoignages": "", "created": "2022-02-01T19:51:53.889Z", "updated": "2022-02-01T19:51:53.889Z", "boss": []}}, {"model": "evangelisation.person", "pk": 126, "fields": {"author": null, "evangelisation": 4, "date": "2022-02-01", "nom_et_prenom": "yves ndjiki", "contacts": 697456753, "quartier_d_habitation": "---", "accepte_jesus": "oui", "sexe": "masculin", "whatsapp": null, "sujets_de_priere": "", "temoignages": "", "created": "2022-02-01T19:51:53.892Z", "updated": "2022-02-01T19:51:53.892Z", "boss": []}}, {"model": "evangelisation.person", "pk": 127, "fields": {"author": null, "evangelisation": 4, "date": "2022-02-01", "nom_et_prenom": "denia ndjengue", "contacts": 695376931, "quartier_d_habitation": "---", "accepte_jesus": "d\u00e9j\u00e0", "sexe": "f\u00e9minin", "whatsapp": null, "sujets_de_priere": "", "temoignages": "", "created": "2022-02-01T19:51:53.896Z", "updated": "2022-02-01T19:51:53.896Z", "boss": []}}, {"model": "evangelisation.person", "pk": 128, "fields": {"author": null, "evangelisation": 4, "date": "2022-02-01", "nom_et_prenom": "honore bana", "contacts": 650666419, "quartier_d_habitation": "---", "accepte_jesus": "ras", "sexe": "masculin", "whatsapp": null, "sujets_de_priere": "", "temoignages": "", "created": "2022-02-01T19:51:53.900Z", "updated": "2022-02-01T19:51:53.900Z", "boss": []}}, {"model": "evangelisation.person", "pk": 129, "fields": {"author": null, "evangelisation": 4, "date": "2022-02-01", "nom_et_prenom": "nathalie ngono", "contacts": 674961987, "quartier_d_habitation": "---", "accepte_jesus": "ras", "sexe": "f\u00e9minin", "whatsapp": null, "sujets_de_priere": "", "temoignages": "", "created": "2022-02-01T19:51:53.904Z", "updated": "2022-02-01T19:51:53.904Z", "boss": []}}, {"model": "evangelisation.person", "pk": 130, "fields": {"author": null, "evangelisation": 7, "date": "2022-02-01", "nom_et_prenom": "fankam vincent", "contacts": 677203355, "quartier_d_habitation": "mimboman", "accepte_jesus": "oui", "sexe": "masculin", "whatsapp": null, "sujets_de_priere": "prier pour tout esprit de captivit\u00e9", "temoignages": "", "created": "2022-02-01T21:24:49.178Z", "updated": "2022-02-01T21:24:49.178Z", "boss": []}}, {"model": "evangelisation.person", "pk": 131, "fields": {"author": null, "evangelisation": 7, "date": "2022-02-01", "nom_et_prenom": "faustin", "contacts": 673133793, "quartier_d_habitation": "soa", "accepte_jesus": "oui", "sexe": "masculin", "whatsapp": null, "sujets_de_priere": "", "temoignages": "", "created": "2022-02-01T21:24:49.189Z", "updated": "2022-02-01T21:24:49.189Z", "boss": []}}, {"model": "evangelisation.person", "pk": 132, "fields": {"author": null, "evangelisation": 7, "date": "2022-02-01", "nom_et_prenom": "marcelin", "contacts": 674841271, "quartier_d_habitation": "---", "accepte_jesus": "oui", "sexe": "masculin", "whatsapp": null, "sujets_de_priere": "sant\u00e9 divine pour lui et sa famile", "temoignages": "", "created": "2022-02-01T21:24:49.195Z", "updated": "2022-02-01T21:24:49.195Z", "boss": []}}, {"model": "evangelisation.person", "pk": 133, "fields": {"author": null, "evangelisation": 8, "date": "2022-02-01", "nom_et_prenom": "vanessa", "contacts": 676055356, "quartier_d_habitation": "eleveur", "accepte_jesus": "ras", "sexe": "f\u00e9minin", "whatsapp": null, "sujets_de_priere": "prier pour la gu\u00e9rison de ses enfants", "temoignages": "", "created": "2022-02-01T21:24:49.200Z", "updated": "2022-02-01T21:24:49.200Z", "boss": []}}, {"model": "evangelisation.person", "pk": 134, "fields": {"author": null, "evangelisation": 8, "date": "2022-02-01", "nom_et_prenom": "idriss", "contacts": 652857223, "quartier_d_habitation": "nkoabang", "accepte_jesus": "oui", "sexe": "masculin", "whatsapp": null, "sujets_de_priere": "", "temoignages": "", "created": "2022-02-01T21:24:49.205Z", "updated": "2022-02-01T21:24:49.205Z", "boss": []}}, {"model": "evangelisation.person", "pk": 135, "fields": {"author": null, "evangelisation": 8, "date": "2022-02-01", "nom_et_prenom": "arnold(2)", "contacts": null, "quartier_d_habitation": "---", "accepte_jesus": "ras", "sexe": "masculin", "whatsapp": null, "sujets_de_priere": "", "temoignages": "", "created": "2022-02-01T21:24:49.218Z", "updated": "2022-02-01T21:24:49.218Z", "boss": []}}, {"model": "evangelisation.person", "pk": 136, "fields": {"author": null, "evangelisation": 8, "date": "2022-02-01", "nom_et_prenom": "roma", "contacts": null, "quartier_d_habitation": "---", "accepte_jesus": "oui", "sexe": "masculin", "whatsapp": null, "sujets_de_priere": "demande la force pour aller constament \u00e0 l'\u00e9glise", "temoignages": "", "created": "2022-02-01T21:24:49.227Z", "updated": "2022-02-01T21:24:49.227Z", "boss": []}}, {"model": "evangelisation.person", "pk": 137, "fields": {"author": null, "evangelisation": 8, "date": "2022-02-01", "nom_et_prenom": "l\u00e9on", "contacts": 698608836, "quartier_d_habitation": "ekounou", "accepte_jesus": "oui", "sexe": "masculin", "whatsapp": null, "sujets_de_priere": "", "temoignages": "", "created": "2022-02-01T21:24:49.235Z", "updated": "2022-02-01T21:24:49.235Z", "boss": []}}, {"model": "evangelisation.person", "pk": 138, "fields": {"author": null, "evangelisation": 8, "date": "2022-02-01", "nom_et_prenom": "moussa(3)", "contacts": null, "quartier_d_habitation": "ngousso", "accepte_jesus": "oui", "sexe": "masculin", "whatsapp": null, "sujets_de_priere": "", "temoignages": "", "created": "2022-02-01T21:24:49.240Z", "updated": "2022-02-01T21:24:49.240Z", "boss": []}}, {"model": "evangelisation.person", "pk": 139, "fields": {"author": null, "evangelisation": 9, "date": "2022-02-01", "nom_et_prenom": "stephane ndassi", "contacts": 695697021, "quartier_d_habitation": "---", "accepte_jesus": "oui", "sexe": "masculin", "whatsapp": null, "sujets_de_priere": "la grace du mariage, ouvrir son entreprise", "temoignages": "", "created": "2022-02-01T21:24:49.247Z", "updated": "2022-02-01T21:24:49.247Z", "boss": []}}, {"model": "evangelisation.person", "pk": 140, "fields": {"author": null, "evangelisation": 9, "date": "2022-02-01", "nom_et_prenom": "sony", "contacts": 694564607, "quartier_d_habitation": "---", "accepte_jesus": "ras", "sexe": "masculin", "whatsapp": null, "sujets_de_priere": "", "temoignages": "", "created": "2022-02-01T21:24:49.252Z", "updated": "2022-02-01T21:24:49.252Z", "boss": []}}, {"model": "evangelisation.person", "pk": 141, "fields": {"author": null, "evangelisation": 3, "date": "2022-02-01", "nom_et_prenom": "bernard", "contacts": 698869315, "quartier_d_habitation": "etoudi", "accepte_jesus": "d\u00e9j\u00e0", "sexe": "masculin", "whatsapp": null, "sujets_de_priere": "plus de la pr\u00e9sence de Dieu", "temoignages": "", "created": "2022-02-01T21:24:49.258Z", "updated": "2022-02-01T21:24:49.258Z", "boss": []}}, {"model": "evangelisation.person", "pk": 142, "fields": {"author": null, "evangelisation": 3, "date": "2022-02-01", "nom_et_prenom": "ange", "contacts": null, "quartier_d_habitation": "evasion", "accepte_jesus": "d\u00e9j\u00e0", "sexe": "f\u00e9minin", "whatsapp": null, "sujets_de_priere": "", "temoignages": "", "created": "2022-02-01T21:24:49.263Z", "updated": "2022-02-01T21:24:49.263Z", "boss": [8, 1]}}, {"model": "evangelisation.person", "pk": 143, "fields": {"author": null, "evangelisation": 3, "date": "2022-02-01", "nom_et_prenom": "william landry", "contacts": 676423936, "quartier_d_habitation": "ngousso", "accepte_jesus": "d\u00e9j\u00e0", "sexe": "masculin", "whatsapp": null, "sujets_de_priere": "", "temoignages": "", "created": "2022-02-01T21:24:49.267Z", "updated": "2022-02-01T21:24:49.267Z", "boss": [8, 1]}}, {"model": "evangelisation.person", "pk": 144, "fields": {"author": null, "evangelisation": 3, "date": "2022-02-01", "nom_et_prenom": "fabrice(1)", "contacts": 694503580, "quartier_d_habitation": "---", "accepte_jesus": "d\u00e9j\u00e0", "sexe": "masculin", "whatsapp": null, "sujets_de_priere": "oreintation divine pour sa vie proffessionel", "temoignages": "", "created": "2022-02-01T21:24:49.272Z", "updated": "2022-02-01T21:24:49.272Z", "boss": [8, 1]}}, {"model": "evangelisation.person", "pk": 145, "fields": {"author": null, "evangelisation": 3, "date": "2022-02-01", "nom_et_prenom": "arnaud", "contacts": 657133238, "quartier_d_habitation": "mimboman", "accepte_jesus": "d\u00e9j\u00e0", "sexe": "masculin", "whatsapp": null, "sujets_de_priere": "voir la glire de Dieu dans ma famille", "temoignages": "", "created": "2022-02-01T21:24:49.276Z", "updated": "2022-02-01T21:24:49.276Z", "boss": [8, 1]}}, {"model": "evangelisation.person", "pk": 146, "fields": {"author": null, "evangelisation": 3, "date": "2022-02-01", "nom_et_prenom": "abdouramam", "contacts": 680480098, "quartier_d_habitation": "---", "accepte_jesus": "ras", "sexe": "masculin", "whatsapp": null, "sujets_de_priere": "", "temoignages": "", "created": "2022-02-01T21:24:49.283Z", "updated": "2022-02-01T21:24:49.283Z", "boss": []}}, {"model": "evangelisation.person", "pk": 147, "fields": {"author": null, "evangelisation": 3, "date": "2022-02-01", "nom_et_prenom": "andrea(5)", "contacts": null, "quartier_d_habitation": "mvog ada", "accepte_jesus": "d\u00e9j\u00e0", "sexe": "f\u00e9minin", "whatsapp": null, "sujets_de_priere": "", "temoignages": "", "created": "2022-02-01T21:24:49.292Z", "updated": "2022-02-01T21:24:49.292Z", "boss": []}}, {"model": "evangelisation.person", "pk": 148, "fields": {"author": null, "evangelisation": 3, "date": "2022-02-01", "nom_et_prenom": "emmanuel(5)", "contacts": 653565814, "quartier_d_habitation": "mvog ada", "accepte_jesus": "ras", "sexe": "masculin", "whatsapp": null, "sujets_de_priere": "", "temoignages": "", "created": "2022-02-01T21:24:49.299Z", "updated": "2022-02-01T21:24:49.299Z", "boss": []}}, {"model": "evangelisation.person", "pk": 149, "fields": {"author": null, "evangelisation": 3, "date": "2022-02-01", "nom_et_prenom": "franck(5)", "contacts": 656020450, "quartier_d_habitation": "mvog ada", "accepte_jesus": "ras", "sexe": "masculin", "whatsapp": null, "sujets_de_priere": "", "temoignages": "", "created": "2022-02-01T21:24:49.305Z", "updated": "2022-02-01T21:24:49.305Z", "boss": []}}, {"model": "evangelisation.person", "pk": 150, "fields": {"author": null, "evangelisation": 3, "date": "2022-02-01", "nom_et_prenom": "bobby", "contacts": 655180155, "quartier_d_habitation": "mvog ada", "accepte_jesus": "ras", "sexe": "masculin", "whatsapp": null, "sujets_de_priere": "", "temoignages": "", "created": "2022-02-01T21:24:49.312Z", "updated": "2022-02-01T21:24:49.312Z", "boss": []}}, {"model": "evangelisation.person", "pk": 151, "fields": {"author": null, "evangelisation": 3, "date": "2022-02-01", "nom_et_prenom": "herve", "contacts": 656764802, "quartier_d_habitation": "mimboman", "accepte_jesus": "ras", "sexe": "masculin", "whatsapp": null, "sujets_de_priere": "", "temoignages": "", "created": "2022-02-01T21:24:49.317Z", "updated": "2022-02-01T21:24:49.317Z", "boss": []}}, {"model": "evangelisation.person", "pk": 152, "fields": {"author": null, "evangelisation": 5, "date": "2022-02-01", "nom_et_prenom": "pierre(4)", "contacts": 691391464, "quartier_d_habitation": "mvog ada", "accepte_jesus": "ras", "sexe": "masculin", "whatsapp": null, "sujets_de_priere": "", "temoignages": "", "created": "2022-02-01T21:24:49.326Z", "updated": "2022-02-01T21:24:49.326Z", "boss": []}}, {"model": "evangelisation.person", "pk": 153, "fields": {"author": null, "evangelisation": 5, "date": "2022-02-01", "nom_et_prenom": "christelle", "contacts": 672549774, "quartier_d_habitation": "mvog ada", "accepte_jesus": "ras", "sexe": "f\u00e9minin", "whatsapp": null, "sujets_de_priere": "", "temoignages": "", "created": "2022-02-01T21:24:49.333Z", "updated": "2022-02-01T21:24:49.333Z", "boss": []}}, {"model": "evangelisation.person", "pk": 154, "fields": {"author": null, "evangelisation": 4, "date": "2022-02-01", "nom_et_prenom": "moche", "contacts": null, "quartier_d_habitation": "---", "accepte_jesus": "oui", "sexe": "f\u00e9minin", "whatsapp": null, "sujets_de_priere": "", "temoignages": "", "created": "2022-02-01T21:24:49.348Z", "updated": "2022-02-01T21:24:49.348Z", "boss": []}}, {"model": "evangelisation.person", "pk": 155, "fields": {"author": null, "evangelisation": 4, "date": "2022-02-01", "nom_et_prenom": "abega jean claude", "contacts": 690838321, "quartier_d_habitation": "nkoldongo", "accepte_jesus": "oui", "sexe": "masculin", "whatsapp": null, "sujets_de_priere": "", "temoignages": "", "created": "2022-02-01T21:24:49.354Z", "updated": "2022-02-01T21:24:49.354Z", "boss": []}}, {"model": "evangelisation.person", "pk": 156, "fields": {"author": null, "evangelisation": 7, "date": "2022-02-01", "nom_et_prenom": "ghislain", "contacts": null, "quartier_d_habitation": "mvog ada", "accepte_jesus": "non", "sexe": "masculin", "whatsapp": null, "sujets_de_priere": "", "temoignages": "", "created": "2022-02-01T21:24:49.361Z", "updated": "2022-02-01T21:24:49.361Z", "boss": []}}, {"model": "evangelisation.person", "pk": 157, "fields": {"author": null, "evangelisation": 7, "date": "2022-02-01", "nom_et_prenom": "james", "contacts": 695322239, "quartier_d_habitation": "mvog ada", "accepte_jesus": "non", "sexe": "masculin", "whatsapp": null, "sujets_de_priere": "", "temoignages": "", "created": "2022-02-01T21:24:49.375Z", "updated": "2022-02-01T21:24:49.375Z", "boss": []}}, {"model": "evangelisation.person", "pk": 158, "fields": {"author": null, "evangelisation": 7, "date": "2022-02-01", "nom_et_prenom": "victor", "contacts": 693342090, "quartier_d_habitation": "---", "accepte_jesus": "non", "sexe": "masculin", "whatsapp": null, "sujets_de_priere": "", "temoignages": "", "created": "2022-02-01T21:24:49.381Z", "updated": "2022-02-01T21:24:49.381Z", "boss": []}}, {"model": "evangelisation.person", "pk": 159, "fields": {"author": null, "evangelisation": 7, "date": "2022-02-01", "nom_et_prenom": "florence", "contacts": 699632366, "quartier_d_habitation": "---", "accepte_jesus": "ras", "sexe": "f\u00e9minin", "whatsapp": null, "sujets_de_priere": "", "temoignages": "", "created": "2022-02-01T21:24:49.385Z", "updated": "2022-02-01T21:24:49.386Z", "boss": []}}, {"model": "evangelisation.person", "pk": 160, "fields": {"author": null, "evangelisation": 7, "date": "2022-02-01", "nom_et_prenom": "chef de bloc 1er chapelle", "contacts": 691252310, "quartier_d_habitation": "---", "accepte_jesus": "ras", "sexe": "masculin", "whatsapp": null, "sujets_de_priere": "", "temoignages": "", "created": "2022-02-01T21:24:49.391Z", "updated": "2022-02-01T21:24:49.391Z", "boss": []}}, {"model": "evangelisation.person", "pk": 161, "fields": {"author": null, "evangelisation": 7, "date": "2022-02-01", "nom_et_prenom": "borice", "contacts": 655620514, "quartier_d_habitation": "---", "accepte_jesus": "ras", "sexe": "masculin", "whatsapp": null, "sujets_de_priere": "", "temoignages": "", "created": "2022-02-01T21:24:49.396Z", "updated": "2022-02-01T21:24:49.396Z", "boss": []}}, {"model": "evangelisation.person", "pk": 162, "fields": {"author": null, "evangelisation": 10, "date": "2022-02-01", "nom_et_prenom": "stephanie(3)", "contacts": 675358462, "quartier_d_habitation": "nkol messeng", "accepte_jesus": "ras", "sexe": "f\u00e9minin", "whatsapp": null, "sujets_de_priere": "", "temoignages": "", "created": "2022-02-01T21:24:49.403Z", "updated": "2022-02-01T21:24:49.403Z", "boss": []}}, {"model": "evangelisation.person", "pk": 163, "fields": {"author": null, "evangelisation": 10, "date": "2022-02-01", "nom_et_prenom": "maman apolonie", "contacts": 673631987, "quartier_d_habitation": "---", "accepte_jesus": "ras", "sexe": "f\u00e9minin", "whatsapp": null, "sujets_de_priere": "", "temoignages": "", "created": "2022-02-01T21:24:49.413Z", "updated": "2022-02-01T21:24:49.413Z", "boss": []}}, {"model": "evangelisation.person", "pk": 164, "fields": {"author": null, "evangelisation": 7, "date": "2022-02-01", "nom_et_prenom": "inesse", "contacts": 692409729, "quartier_d_habitation": "monte ludo", "accepte_jesus": "ras", "sexe": "f\u00e9minin", "whatsapp": null, "sujets_de_priere": "", "temoignages": "", "created": "2022-02-01T21:24:49.419Z", "updated": "2022-02-01T21:24:49.419Z", "boss": []}}, {"model": "evangelisation.person", "pk": 165, "fields": {"author": null, "evangelisation": 7, "date": "2022-02-01", "nom_et_prenom": "dima", "contacts": 677303639, "quartier_d_habitation": "---", "accepte_jesus": "ras", "sexe": "f\u00e9minin", "whatsapp": null, "sujets_de_priere": "", "temoignages": "", "created": "2022-02-01T21:24:49.424Z", "updated": "2022-02-01T21:24:49.424Z", "boss": []}}, {"model": "evangelisation.person", "pk": 166, "fields": {"author": null, "evangelisation": 10, "date": "2022-02-01", "nom_et_prenom": "issa", "contacts": 655329638, "quartier_d_habitation": "omnisport", "accepte_jesus": "oui", "sexe": "masculin", "whatsapp": null, "sujets_de_priere": "", "temoignages": "", "created": "2022-02-01T21:24:49.429Z", "updated": "2022-02-01T21:24:49.429Z", "boss": []}}, {"model": "evangelisation.person", "pk": 167, "fields": {"author": null, "evangelisation": 10, "date": "2022-02-01", "nom_et_prenom": "arouna", "contacts": null, "quartier_d_habitation": "mvog ada", "accepte_jesus": "d\u00e9j\u00e0", "sexe": "masculin", "whatsapp": null, "sujets_de_priere": "", "temoignages": "", "created": "2022-02-01T21:24:49.434Z", "updated": "2022-02-01T21:24:49.434Z", "boss": []}}, {"model": "evangelisation.person", "pk": 168, "fields": {"author": null, "evangelisation": 10, "date": "2022-02-01", "nom_et_prenom": "aziz", "contacts": 694870701, "quartier_d_habitation": "mvog ada", "accepte_jesus": "d\u00e9j\u00e0", "sexe": "masculin", "whatsapp": null, "sujets_de_priere": "", "temoignages": "", "created": "2022-02-01T21:24:49.439Z", "updated": "2022-02-01T21:24:49.439Z", "boss": []}}, {"model": "evangelisation.person", "pk": 169, "fields": {"author": null, "evangelisation": 10, "date": "2022-02-01", "nom_et_prenom": "charlie", "contacts": 697953223, "quartier_d_habitation": "---", "accepte_jesus": "ras", "sexe": "masculin", "whatsapp": null, "sujets_de_priere": "", "temoignages": "", "created": "2022-02-01T21:24:49.443Z", "updated": "2022-02-01T21:24:49.443Z", "boss": []}}, {"model": "evangelisation.person", "pk": 170, "fields": {"author": null, "evangelisation": 7, "date": "2022-02-01", "nom_et_prenom": "domi", "contacts": 694891846, "quartier_d_habitation": "awae", "accepte_jesus": "d\u00e9j\u00e0", "sexe": "masculin", "whatsapp": null, "sujets_de_priere": "", "temoignages": "", "created": "2022-02-01T21:24:49.457Z", "updated": "2022-02-01T21:24:49.457Z", "boss": []}}, {"model": "evangelisation.person", "pk": 171, "fields": {"author": null, "evangelisation": 7, "date": "2022-02-01", "nom_et_prenom": "nero", "contacts": 655718395, "quartier_d_habitation": "ola", "accepte_jesus": "oui", "sexe": "masculin", "whatsapp": null, "sujets_de_priere": "", "temoignages": "", "created": "2022-02-01T21:24:49.461Z", "updated": "2022-02-01T21:24:49.461Z", "boss": []}}, {"model": "evangelisation.person", "pk": 172, "fields": {"author": null, "evangelisation": 8, "date": "2022-02-01", "nom_et_prenom": "daniel son", "contacts": 655681406, "quartier_d_habitation": "---", "accepte_jesus": "ras", "sexe": "masculin", "whatsapp": null, "sujets_de_priere": "", "temoignages": "", "created": "2022-02-01T21:24:49.465Z", "updated": "2022-02-01T21:24:49.465Z", "boss": []}}, {"model": "evangelisation.person", "pk": 173, "fields": {"author": null, "evangelisation": 8, "date": "2022-02-01", "nom_et_prenom": "miriam", "contacts": 694162749, "quartier_d_habitation": "---", "accepte_jesus": "ras", "sexe": "f\u00e9minin", "whatsapp": null, "sujets_de_priere": "", "temoignages": "", "created": "2022-02-01T21:24:49.469Z", "updated": "2022-02-01T21:24:49.469Z", "boss": []}}, {"model": "evangelisation.person", "pk": 174, "fields": {"author": null, "evangelisation": 9, "date": "2022-02-01", "nom_et_prenom": "charles", "contacts": 698306547, "quartier_d_habitation": "---", "accepte_jesus": "ras", "sexe": "masculin", "whatsapp": null, "sujets_de_priere": "", "temoignages": "", "created": "2022-02-01T21:24:49.480Z", "updated": "2022-02-01T21:24:49.480Z", "boss": []}}, {"model": "evangelisation.person", "pk": 175, "fields": {"author": null, "evangelisation": 9, "date": "2022-02-01", "nom_et_prenom": "frere steve", "contacts": 698262445, "quartier_d_habitation": "---", "accepte_jesus": "d\u00e9j\u00e0", "sexe": "masculin", "whatsapp": null, "sujets_de_priere": "", "temoignages": "", "created": "2022-02-01T21:24:49.486Z", "updated": "2022-02-01T21:24:49.486Z", "boss": []}}, {"model": "evangelisation.person", "pk": 176, "fields": {"author": null, "evangelisation": 7, "date": "2022-02-01", "nom_et_prenom": "celestin", "contacts": null, "quartier_d_habitation": "---", "accepte_jesus": "non", "sexe": "masculin", "whatsapp": null, "sujets_de_priere": "", "temoignages": "", "created": "2022-02-01T21:24:49.490Z", "updated": "2022-02-01T21:24:49.490Z", "boss": []}}, {"model": "evangelisation.person", "pk": 177, "fields": {"author": null, "evangelisation": 7, "date": "2022-02-01", "nom_et_prenom": "wilfrideld", "contacts": 698297172, "quartier_d_habitation": "mvog ada", "accepte_jesus": "ras", "sexe": "masculin", "whatsapp": null, "sujets_de_priere": "", "temoignages": "", "created": "2022-02-01T21:24:49.496Z", "updated": "2022-02-01T21:24:49.496Z", "boss": []}}, {"model": "evangelisation.person", "pk": 178, "fields": {"author": null, "evangelisation": 9, "date": "2022-02-01", "nom_et_prenom": "fabrice", "contacts": 699173952, "quartier_d_habitation": "minboman", "accepte_jesus": "non", "sexe": "masculin", "whatsapp": null, "sujets_de_priere": "", "temoignages": "", "created": "2022-02-01T21:24:49.504Z", "updated": "2022-02-01T21:24:49.504Z", "boss": []}}, {"model": "evangelisation.person", "pk": 179, "fields": {"author": null, "evangelisation": 7, "date": "2022-02-01", "nom_et_prenom": "nana", "contacts": 655104427, "quartier_d_habitation": "total cavo", "accepte_jesus": "ras", "sexe": "masculin", "whatsapp": null, "sujets_de_priere": "", "temoignages": "", "created": "2022-02-01T21:24:49.515Z", "updated": "2022-02-01T21:24:49.515Z", "boss": []}}, {"model": "evangelisation.person", "pk": 180, "fields": {"author": null, "evangelisation": 7, "date": "2022-02-01", "nom_et_prenom": "ganava", "contacts": 682574782, "quartier_d_habitation": "total cavo", "accepte_jesus": "ras", "sexe": "masculin", "whatsapp": null, "sujets_de_priere": "", "temoignages": "", "created": "2022-02-01T21:24:49.523Z", "updated": "2022-02-01T21:24:49.523Z", "boss": []}}, {"model": "evangelisation.person", "pk": 181, "fields": {"author": null, "evangelisation": 7, "date": "2022-02-01", "nom_et_prenom": "franck(7)", "contacts": null, "quartier_d_habitation": "total cavo", "accepte_jesus": "ras", "sexe": "masculin", "whatsapp": null, "sujets_de_priere": "", "temoignages": "", "created": "2022-02-01T21:24:49.530Z", "updated": "2022-02-01T21:24:49.530Z", "boss": []}}, {"model": "evangelisation.person", "pk": 182, "fields": {"author": null, "evangelisation": 7, "date": "2022-02-01", "nom_et_prenom": "cathy", "contacts": null, "quartier_d_habitation": "total cavo", "accepte_jesus": "oui", "sexe": "f\u00e9minin", "whatsapp": null, "sujets_de_priere": "", "temoignages": "", "created": "2022-02-01T21:24:49.539Z", "updated": "2022-02-01T21:24:49.539Z", "boss": []}}, {"model": "evangelisation.person", "pk": 183, "fields": {"author": null, "evangelisation": 7, "date": "2022-02-01", "nom_et_prenom": "jeanne", "contacts": 655605690, "quartier_d_habitation": "total cavo", "accepte_jesus": "d\u00e9j\u00e0", "sexe": "masculin", "whatsapp": null, "sujets_de_priere": "", "temoignages": "", "created": "2022-02-01T21:24:49.545Z", "updated": "2022-02-01T21:24:49.545Z", "boss": []}}, {"model": "evangelisation.person", "pk": 184, "fields": {"author": null, "evangelisation": 9, "date": "2022-02-01", "nom_et_prenom": "yves(2)", "contacts": null, "quartier_d_habitation": "---", "accepte_jesus": "oui", "sexe": "masculin", "whatsapp": null, "sujets_de_priere": "", "temoignages": "", "created": "2022-02-01T21:24:49.556Z", "updated": "2022-02-01T21:24:49.556Z", "boss": []}}, {"model": "evangelisation.person", "pk": 185, "fields": {"author": null, "evangelisation": 9, "date": "2022-02-01", "nom_et_prenom": "charone", "contacts": 670367784, "quartier_d_habitation": "---", "accepte_jesus": "oui", "sexe": "f\u00e9minin", "whatsapp": null, "sujets_de_priere": "", "temoignages": "", "created": "2022-02-01T21:24:49.561Z", "updated": "2022-02-01T21:24:49.561Z", "boss": []}}, {"model": "evangelisation.person", "pk": 186, "fields": {"author": null, "evangelisation": 9, "date": "2022-02-01", "nom_et_prenom": "kel\u00e9ne", "contacts": 674338564, "quartier_d_habitation": "---", "accepte_jesus": "oui", "sexe": "f\u00e9minin", "whatsapp": null, "sujets_de_priere": "", "temoignages": "", "created": "2022-02-01T21:24:49.565Z", "updated": "2022-02-01T21:24:49.565Z", "boss": []}}, {"model": "evangelisation.person", "pk": 187, "fields": {"author": null, "evangelisation": 9, "date": "2022-02-01", "nom_et_prenom": "corine(4)", "contacts": 695615419, "quartier_d_habitation": "---", "accepte_jesus": "d\u00e9j\u00e0", "sexe": "f\u00e9minin", "whatsapp": null, "sujets_de_priere": "", "temoignages": "", "created": "2022-02-01T21:24:49.569Z", "updated": "2022-02-01T21:24:49.569Z", "boss": []}}, {"model": "evangelisation.person", "pk": 188, "fields": {"author": null, "evangelisation": 9, "date": "2022-02-01", "nom_et_prenom": "eden", "contacts": 696849522, "quartier_d_habitation": "---", "accepte_jesus": "d\u00e9j\u00e0", "sexe": "f\u00e9minin", "whatsapp": null, "sujets_de_priere": "", "temoignages": "", "created": "2022-02-01T21:24:49.573Z", "updated": "2022-02-01T21:24:49.573Z", "boss": []}}, {"model": "evangelisation.suivi", "pk": 3, "fields": {"person": 3, "nbre_appel": 0, "nbre_visite_au_culte": 0, "nbre_invitation_au_culte": 0, "nbre_presence_total_au_culte": 0, "choix_person": "0", "boos_suivi": "", "author": null, "sujets_de_priere_suivi": null, "temoignages_suivi": null, "observation_suivi": null}}, {"model": "evangelisation.suivi", "pk": 4, "fields": {"person": 4, "nbre_appel": 0, "nbre_visite_au_culte": 0, "nbre_invitation_au_culte": 0, "nbre_presence_total_au_culte": 0, "choix_person": "0", "boos_suivi": "", "author": null, "sujets_de_priere_suivi": null, "temoignages_suivi": null, "observation_suivi": null}}, {"model": "evangelisation.suivi", "pk": 5, "fields": {"person": 5, "nbre_appel": 0, "nbre_visite_au_culte": 0, "nbre_invitation_au_culte": 0, "nbre_presence_total_au_culte": 0, "choix_person": "0", "boos_suivi": "", "author": null, "sujets_de_priere_suivi": null, "temoignages_suivi": null, "observation_suivi": null}}, {"model": "evangelisation.suivi", "pk": 6, "fields": {"person": 6, "nbre_appel": 0, "nbre_visite_au_culte": 0, "nbre_invitation_au_culte": 0, "nbre_presence_total_au_culte": 0, "choix_person": "0", "boos_suivi": "", "author": null, "sujets_de_priere_suivi": null, "temoignages_suivi": null, "observation_suivi": null}}, {"model": "evangelisation.suivi", "pk": 7, "fields": {"person": 7, "nbre_appel": 0, "nbre_visite_au_culte": 0, "nbre_invitation_au_culte": 0, "nbre_presence_total_au_culte": 0, "choix_person": "0", "boos_suivi": "", "author": null, "sujets_de_priere_suivi": null, "temoignages_suivi": null, "observation_suivi": null}}, {"model": "evangelisation.suivi", "pk": 8, "fields": {"person": 8, "nbre_appel": 0, "nbre_visite_au_culte": 0, "nbre_invitation_au_culte": 0, "nbre_presence_total_au_culte": 0, "choix_person": "0", "boos_suivi": "", "author": null, "sujets_de_priere_suivi": null, "temoignages_suivi": null, "observation_suivi": null}}, {"model": "evangelisation.suivi", "pk": 9, "fields": {"person": 9, "nbre_appel": 0, "nbre_visite_au_culte": 0, "nbre_invitation_au_culte": 0, "nbre_presence_total_au_culte": 0, "choix_person": "0", "boos_suivi": "", "author": null, "sujets_de_priere_suivi": null, "temoignages_suivi": null, "observation_suivi": null}}, {"model": "evangelisation.suivi", "pk": 10, "fields": {"person": 10, "nbre_appel": 0, "nbre_visite_au_culte": 0, "nbre_invitation_au_culte": 0, "nbre_presence_total_au_culte": 0, "choix_person": "0", "boos_suivi": "", "author": null, "sujets_de_priere_suivi": null, "temoignages_suivi": null, "observation_suivi": null}}, {"model": "evangelisation.suivi", "pk": 11, "fields": {"person": 11, "nbre_appel": 0, "nbre_visite_au_culte": 0, "nbre_invitation_au_culte": 0, "nbre_presence_total_au_culte": 0, "choix_person": "0", "boos_suivi": "", "author": null, "sujets_de_priere_suivi": null, "temoignages_suivi": null, "observation_suivi": null}}, {"model": "evangelisation.suivi", "pk": 12, "fields": {"person": 12, "nbre_appel": 0, "nbre_visite_au_culte": 0, "nbre_invitation_au_culte": 0, "nbre_presence_total_au_culte": 0, "choix_person": "0", "boos_suivi": "", "author": null, "sujets_de_priere_suivi": null, "temoignages_suivi": null, "observation_suivi": null}}, {"model": "evangelisation.suivi", "pk": 13, "fields": {"person": 13, "nbre_appel": 0, "nbre_visite_au_culte": 0, "nbre_invitation_au_culte": 0, "nbre_presence_total_au_culte": 0, "choix_person": "0", "boos_suivi": "", "author": null, "sujets_de_priere_suivi": null, "temoignages_suivi": null, "observation_suivi": null}}, {"model": "evangelisation.suivi", "pk": 14, "fields": {"person": 14, "nbre_appel": 0, "nbre_visite_au_culte": 0, "nbre_invitation_au_culte": 0, "nbre_presence_total_au_culte": 0, "choix_person": "0", "boos_suivi": "", "author": null, "sujets_de_priere_suivi": null, "temoignages_suivi": null, "observation_suivi": null}}, {"model": "evangelisation.suivi", "pk": 15, "fields": {"person": 15, "nbre_appel": 0, "nbre_visite_au_culte": 0, "nbre_invitation_au_culte": 0, "nbre_presence_total_au_culte": 0, "choix_person": "0", "boos_suivi": "", "author": null, "sujets_de_priere_suivi": null, "temoignages_suivi": null, "observation_suivi": null}}, {"model": "evangelisation.suivi", "pk": 16, "fields": {"person": 16, "nbre_appel": 0, "nbre_visite_au_culte": 0, "nbre_invitation_au_culte": 0, "nbre_presence_total_au_culte": 0, "choix_person": "0", "boos_suivi": "", "author": null, "sujets_de_priere_suivi": null, "temoignages_suivi": null, "observation_suivi": null}}, {"model": "evangelisation.suivi", "pk": 17, "fields": {"person": 17, "nbre_appel": 0, "nbre_visite_au_culte": 0, "nbre_invitation_au_culte": 0, "nbre_presence_total_au_culte": 0, "choix_person": "0", "boos_suivi": "", "author": null, "sujets_de_priere_suivi": null, "temoignages_suivi": null, "observation_suivi": null}}, {"model": "evangelisation.suivi", "pk": 18, "fields": {"person": 18, "nbre_appel": 0, "nbre_visite_au_culte": 0, "nbre_invitation_au_culte": 0, "nbre_presence_total_au_culte": 0, "choix_person": "0", "boos_suivi": "", "author": null, "sujets_de_priere_suivi": null, "temoignages_suivi": null, "observation_suivi": null}}, {"model": "evangelisation.suivi", "pk": 19, "fields": {"person": 19, "nbre_appel": 0, "nbre_visite_au_culte": 0, "nbre_invitation_au_culte": 0, "nbre_presence_total_au_culte": 0, "choix_person": "0", "boos_suivi": "", "author": null, "sujets_de_priere_suivi": null, "temoignages_suivi": null, "observation_suivi": null}}, {"model": "evangelisation.suivi", "pk": 20, "fields": {"person": 20, "nbre_appel": 0, "nbre_visite_au_culte": 0, "nbre_invitation_au_culte": 0, "nbre_presence_total_au_culte": 0, "choix_person": "0", "boos_suivi": "", "author": null, "sujets_de_priere_suivi": null, "temoignages_suivi": null, "observation_suivi": null}}, {"model": "evangelisation.suivi", "pk": 21, "fields": {"person": 21, "nbre_appel": 0, "nbre_visite_au_culte": 0, "nbre_invitation_au_culte": 0, "nbre_presence_total_au_culte": 0, "choix_person": "0", "boos_suivi": "", "author": null, "sujets_de_priere_suivi": null, "temoignages_suivi": null, "observation_suivi": null}}, {"model": "evangelisation.suivi", "pk": 22, "fields": {"person": 22, "nbre_appel": 0, "nbre_visite_au_culte": 0, "nbre_invitation_au_culte": 0, "nbre_presence_total_au_culte": 0, "choix_person": "0", "boos_suivi": "", "author": null, "sujets_de_priere_suivi": null, "temoignages_suivi": null, "observation_suivi": null}}, {"model": "evangelisation.suivi", "pk": 23, "fields": {"person": 23, "nbre_appel": 0, "nbre_visite_au_culte": 0, "nbre_invitation_au_culte": 0, "nbre_presence_total_au_culte": 0, "choix_person": "0", "boos_suivi": "", "author": null, "sujets_de_priere_suivi": null, "temoignages_suivi": null, "observation_suivi": null}}, {"model": "evangelisation.suivi", "pk": 24, "fields": {"person": 24, "nbre_appel": 0, "nbre_visite_au_culte": 0, "nbre_invitation_au_culte": 0, "nbre_presence_total_au_culte": 0, "choix_person": "0", "boos_suivi": "", "author": null, "sujets_de_priere_suivi": null, "temoignages_suivi": null, "observation_suivi": null}}, {"model": "evangelisation.suivi", "pk": 25, "fields": {"person": 25, "nbre_appel": 0, "nbre_visite_au_culte": 0, "nbre_invitation_au_culte": 0, "nbre_presence_total_au_culte": 0, "choix_person": "0", "boos_suivi": "", "author": null, "sujets_de_priere_suivi": null, "temoignages_suivi": null, "observation_suivi": null}}, {"model": "evangelisation.suivi", "pk": 26, "fields": {"person": 26, "nbre_appel": 0, "nbre_visite_au_culte": 0, "nbre_invitation_au_culte": 0, "nbre_presence_total_au_culte": 0, "choix_person": "0", "boos_suivi": "", "author": null, "sujets_de_priere_suivi": null, "temoignages_suivi": null, "observation_suivi": null}}, {"model": "evangelisation.suivi", "pk": 27, "fields": {"person": 27, "nbre_appel": 0, "nbre_visite_au_culte": 0, "nbre_invitation_au_culte": 0, "nbre_presence_total_au_culte": 0, "choix_person": "0", "boos_suivi": "", "author": null, "sujets_de_priere_suivi": null, "temoignages_suivi": null, "observation_suivi": null}}, {"model": "evangelisation.suivi", "pk": 28, "fields": {"person": 28, "nbre_appel": 0, "nbre_visite_au_culte": 0, "nbre_invitation_au_culte": 0, "nbre_presence_total_au_culte": 0, "choix_person": "0", "boos_suivi": "", "author": null, "sujets_de_priere_suivi": null, "temoignages_suivi": null, "observation_suivi": null}}, {"model": "evangelisation.suivi", "pk": 29, "fields": {"person": 29, "nbre_appel": 0, "nbre_visite_au_culte": 0, "nbre_invitation_au_culte": 0, "nbre_presence_total_au_culte": 0, "choix_person": "0", "boos_suivi": "", "author": null, "sujets_de_priere_suivi": null, "temoignages_suivi": null, "observation_suivi": null}}, {"model": "evangelisation.suivi", "pk": 30, "fields": {"person": 30, "nbre_appel": 0, "nbre_visite_au_culte": 0, "nbre_invitation_au_culte": 0, "nbre_presence_total_au_culte": 0, "choix_person": "0", "boos_suivi": "", "author": null, "sujets_de_priere_suivi": null, "temoignages_suivi": null, "observation_suivi": null}}, {"model": "evangelisation.suivi", "pk": 31, "fields": {"person": 31, "nbre_appel": 0, "nbre_visite_au_culte": 0, "nbre_invitation_au_culte": 0, "nbre_presence_total_au_culte": 0, "choix_person": "0", "boos_suivi": "", "author": null, "sujets_de_priere_suivi": null, "temoignages_suivi": null, "observation_suivi": null}}, {"model": "evangelisation.suivi", "pk": 32, "fields": {"person": 32, "nbre_appel": 0, "nbre_visite_au_culte": 0, "nbre_invitation_au_culte": 0, "nbre_presence_total_au_culte": 0, "choix_person": "0", "boos_suivi": "", "author": null, "sujets_de_priere_suivi": null, "temoignages_suivi": null, "observation_suivi": null}}, {"model": "evangelisation.suivi", "pk": 33, "fields": {"person": 33, "nbre_appel": 0, "nbre_visite_au_culte": 0, "nbre_invitation_au_culte": 0, "nbre_presence_total_au_culte": 0, "choix_person": "0", "boos_suivi": "", "author": null, "sujets_de_priere_suivi": null, "temoignages_suivi": null, "observation_suivi": null}}, {"model": "evangelisation.suivi", "pk": 34, "fields": {"person": 34, "nbre_appel": 0, "nbre_visite_au_culte": 0, "nbre_invitation_au_culte": 0, "nbre_presence_total_au_culte": 0, "choix_person": "0", "boos_suivi": "", "author": null, "sujets_de_priere_suivi": null, "temoignages_suivi": null, "observation_suivi": null}}, {"model": "evangelisation.suivi", "pk": 35, "fields": {"person": 35, "nbre_appel": 0, "nbre_visite_au_culte": 0, "nbre_invitation_au_culte": 0, "nbre_presence_total_au_culte": 0, "choix_person": "0", "boos_suivi": "", "author": null, "sujets_de_priere_suivi": null, "temoignages_suivi": null, "observation_suivi": null}}, {"model": "evangelisation.suivi", "pk": 36, "fields": {"person": 36, "nbre_appel": 0, "nbre_visite_au_culte": 0, "nbre_invitation_au_culte": 0, "nbre_presence_total_au_culte": 0, "choix_person": "0", "boos_suivi": "", "author": null, "sujets_de_priere_suivi": null, "temoignages_suivi": null, "observation_suivi": null}}, {"model": "evangelisation.suivi", "pk": 37, "fields": {"person": 37, "nbre_appel": 0, "nbre_visite_au_culte": 0, "nbre_invitation_au_culte": 0, "nbre_presence_total_au_culte": 0, "choix_person": "0", "boos_suivi": "", "author": null, "sujets_de_priere_suivi": null, "temoignages_suivi": null, "observation_suivi": null}}, {"model": "evangelisation.suivi", "pk": 38, "fields": {"person": 38, "nbre_appel": 0, "nbre_visite_au_culte": 0, "nbre_invitation_au_culte": 0, "nbre_presence_total_au_culte": 0, "choix_person": "0", "boos_suivi": "", "author": null, "sujets_de_priere_suivi": null, "temoignages_suivi": null, "observation_suivi": null}}, {"model": "evangelisation.suivi", "pk": 39, "fields": {"person": 39, "nbre_appel": 0, "nbre_visite_au_culte": 0, "nbre_invitation_au_culte": 0, "nbre_presence_total_au_culte": 0, "choix_person": "0", "boos_suivi": "", "author": null, "sujets_de_priere_suivi": null, "temoignages_suivi": null, "observation_suivi": null}}, {"model": "evangelisation.suivi", "pk": 40, "fields": {"person": 40, "nbre_appel": 0, "nbre_visite_au_culte": 0, "nbre_invitation_au_culte": 0, "nbre_presence_total_au_culte": 0, "choix_person": "0", "boos_suivi": "", "author": null, "sujets_de_priere_suivi": null, "temoignages_suivi": null, "observation_suivi": null}}, {"model": "evangelisation.suivi", "pk": 41, "fields": {"person": 41, "nbre_appel": 0, "nbre_visite_au_culte": 0, "nbre_invitation_au_culte": 0, "nbre_presence_total_au_culte": 0, "choix_person": "0", "boos_suivi": "", "author": null, "sujets_de_priere_suivi": null, "temoignages_suivi": null, "observation_suivi": null}}, {"model": "evangelisation.suivi", "pk": 42, "fields": {"person": 42, "nbre_appel": 0, "nbre_visite_au_culte": 0, "nbre_invitation_au_culte": 0, "nbre_presence_total_au_culte": 0, "choix_person": "0", "boos_suivi": "", "author": null, "sujets_de_priere_suivi": null, "temoignages_suivi": null, "observation_suivi": null}}, {"model": "evangelisation.suivi", "pk": 43, "fields": {"person": 43, "nbre_appel": 0, "nbre_visite_au_culte": 0, "nbre_invitation_au_culte": 0, "nbre_presence_total_au_culte": 0, "choix_person": "0", "boos_suivi": "", "author": null, "sujets_de_priere_suivi": null, "temoignages_suivi": null, "observation_suivi": null}}, {"model": "evangelisation.suivi", "pk": 44, "fields": {"person": 44, "nbre_appel": 0, "nbre_visite_au_culte": 0, "nbre_invitation_au_culte": 0, "nbre_presence_total_au_culte": 0, "choix_person": "0", "boos_suivi": "", "author": null, "sujets_de_priere_suivi": null, "temoignages_suivi": null, "observation_suivi": null}}, {"model": "evangelisation.suivi", "pk": 45, "fields": {"person": 45, "nbre_appel": 0, "nbre_visite_au_culte": 0, "nbre_invitation_au_culte": 0, "nbre_presence_total_au_culte": 0, "choix_person": "0", "boos_suivi": "", "author": null, "sujets_de_priere_suivi": null, "temoignages_suivi": null, "observation_suivi": null}}, {"model": "evangelisation.suivi", "pk": 46, "fields": {"person": 46, "nbre_appel": 0, "nbre_visite_au_culte": 0, "nbre_invitation_au_culte": 0, "nbre_presence_total_au_culte": 0, "choix_person": "0", "boos_suivi": "", "author": null, "sujets_de_priere_suivi": null, "temoignages_suivi": null, "observation_suivi": null}}, {"model": "evangelisation.suivi", "pk": 47, "fields": {"person": 47, "nbre_appel": 0, "nbre_visite_au_culte": 0, "nbre_invitation_au_culte": 0, "nbre_presence_total_au_culte": 0, "choix_person": "0", "boos_suivi": "", "author": null, "sujets_de_priere_suivi": null, "temoignages_suivi": null, "observation_suivi": null}}, {"model": "evangelisation.suivi", "pk": 48, "fields": {"person": 48, "nbre_appel": 0, "nbre_visite_au_culte": 0, "nbre_invitation_au_culte": 0, "nbre_presence_total_au_culte": 0, "choix_person": "0", "boos_suivi": "", "author": null, "sujets_de_priere_suivi": null, "temoignages_suivi": null, "observation_suivi": null}}, {"model": "evangelisation.suivi", "pk": 49, "fields": {"person": 49, "nbre_appel": 0, "nbre_visite_au_culte": 0, "nbre_invitation_au_culte": 0, "nbre_presence_total_au_culte": 0, "choix_person": "0", "boos_suivi": "", "author": null, "sujets_de_priere_suivi": null, "temoignages_suivi": null, "observation_suivi": null}}, {"model": "evangelisation.suivi", "pk": 50, "fields": {"person": 50, "nbre_appel": 0, "nbre_visite_au_culte": 0, "nbre_invitation_au_culte": 0, "nbre_presence_total_au_culte": 0, "choix_person": "0", "boos_suivi": "", "author": null, "sujets_de_priere_suivi": null, "temoignages_suivi": null, "observation_suivi": null}}, {"model": "evangelisation.suivi", "pk": 51, "fields": {"person": 51, "nbre_appel": 0, "nbre_visite_au_culte": 0, "nbre_invitation_au_culte": 0, "nbre_presence_total_au_culte": 0, "choix_person": "0", "boos_suivi": "", "author": null, "sujets_de_priere_suivi": null, "temoignages_suivi": null, "observation_suivi": null}}, {"model": "evangelisation.suivi", "pk": 52, "fields": {"person": 52, "nbre_appel": 0, "nbre_visite_au_culte": 0, "nbre_invitation_au_culte": 0, "nbre_presence_total_au_culte": 0, "choix_person": "0", "boos_suivi": "", "author": null, "sujets_de_priere_suivi": null, "temoignages_suivi": null, "observation_suivi": null}}, {"model": "evangelisation.suivi", "pk": 53, "fields": {"person": 53, "nbre_appel": 0, "nbre_visite_au_culte": 0, "nbre_invitation_au_culte": 0, "nbre_presence_total_au_culte": 0, "choix_person": "0", "boos_suivi": "", "author": null, "sujets_de_priere_suivi": null, "temoignages_suivi": null, "observation_suivi": null}}, {"model": "evangelisation.suivi", "pk": 54, "fields": {"person": 54, "nbre_appel": 0, "nbre_visite_au_culte": 0, "nbre_invitation_au_culte": 0, "nbre_presence_total_au_culte": 0, "choix_person": "0", "boos_suivi": "", "author": null, "sujets_de_priere_suivi": null, "temoignages_suivi": null, "observation_suivi": null}}, {"model": "evangelisation.suivi", "pk": 55, "fields": {"person": 55, "nbre_appel": 0, "nbre_visite_au_culte": 0, "nbre_invitation_au_culte": 0, "nbre_presence_total_au_culte": 0, "choix_person": "0", "boos_suivi": "", "author": null, "sujets_de_priere_suivi": null, "temoignages_suivi": null, "observation_suivi": null}}, {"model": "evangelisation.suivi", "pk": 56, "fields": {"person": 56, "nbre_appel": 0, "nbre_visite_au_culte": 0, "nbre_invitation_au_culte": 0, "nbre_presence_total_au_culte": 0, "choix_person": "0", "boos_suivi": "", "author": null, "sujets_de_priere_suivi": null, "temoignages_suivi": null, "observation_suivi": null}}, {"model": "evangelisation.suivi", "pk": 57, "fields": {"person": 57, "nbre_appel": 0, "nbre_visite_au_culte": 0, "nbre_invitation_au_culte": 0, "nbre_presence_total_au_culte": 0, "choix_person": "0", "boos_suivi": "", "author": null, "sujets_de_priere_suivi": null, "temoignages_suivi": null, "observation_suivi": null}}, {"model": "evangelisation.suivi", "pk": 58, "fields": {"person": 58, "nbre_appel": 0, "nbre_visite_au_culte": 0, "nbre_invitation_au_culte": 0, "nbre_presence_total_au_culte": 0, "choix_person": "0", "boos_suivi": "", "author": null, "sujets_de_priere_suivi": null, "temoignages_suivi": null, "observation_suivi": null}}, {"model": "evangelisation.suivi", "pk": 59, "fields": {"person": 59, "nbre_appel": 0, "nbre_visite_au_culte": 0, "nbre_invitation_au_culte": 0, "nbre_presence_total_au_culte": 0, "choix_person": "0", "boos_suivi": "", "author": null, "sujets_de_priere_suivi": null, "temoignages_suivi": null, "observation_suivi": null}}, {"model": "evangelisation.suivi", "pk": 60, "fields": {"person": 60, "nbre_appel": 0, "nbre_visite_au_culte": 0, "nbre_invitation_au_culte": 0, "nbre_presence_total_au_culte": 0, "choix_person": "0", "boos_suivi": "", "author": null, "sujets_de_priere_suivi": null, "temoignages_suivi": null, "observation_suivi": null}}, {"model": "evangelisation.suivi", "pk": 61, "fields": {"person": 61, "nbre_appel": 0, "nbre_visite_au_culte": 0, "nbre_invitation_au_culte": 0, "nbre_presence_total_au_culte": 0, "choix_person": "0", "boos_suivi": "", "author": null, "sujets_de_priere_suivi": null, "temoignages_suivi": null, "observation_suivi": null}}, {"model": "evangelisation.suivi", "pk": 62, "fields": {"person": 62, "nbre_appel": 0, "nbre_visite_au_culte": 0, "nbre_invitation_au_culte": 0, "nbre_presence_total_au_culte": 0, "choix_person": "0", "boos_suivi": "", "author": null, "sujets_de_priere_suivi": null, "temoignages_suivi": null, "observation_suivi": null}}, {"model": "evangelisation.suivi", "pk": 63, "fields": {"person": 63, "nbre_appel": 0, "nbre_visite_au_culte": 0, "nbre_invitation_au_culte": 0, "nbre_presence_total_au_culte": 0, "choix_person": "0", "boos_suivi": "", "author": null, "sujets_de_priere_suivi": null, "temoignages_suivi": null, "observation_suivi": null}}, {"model": "evangelisation.suivi", "pk": 64, "fields": {"person": 64, "nbre_appel": 0, "nbre_visite_au_culte": 0, "nbre_invitation_au_culte": 0, "nbre_presence_total_au_culte": 0, "choix_person": "0", "boos_suivi": "", "author": null, "sujets_de_priere_suivi": null, "temoignages_suivi": null, "observation_suivi": null}}, {"model": "evangelisation.suivi", "pk": 65, "fields": {"person": 65, "nbre_appel": 0, "nbre_visite_au_culte": 0, "nbre_invitation_au_culte": 0, "nbre_presence_total_au_culte": 0, "choix_person": "0", "boos_suivi": "", "author": null, "sujets_de_priere_suivi": null, "temoignages_suivi": null, "observation_suivi": null}}, {"model": "evangelisation.suivi", "pk": 66, "fields": {"person": 66, "nbre_appel": 0, "nbre_visite_au_culte": 0, "nbre_invitation_au_culte": 0, "nbre_presence_total_au_culte": 0, "choix_person": "0", "boos_suivi": "", "author": null, "sujets_de_priere_suivi": null, "temoignages_suivi": null, "observation_suivi": null}}, {"model": "evangelisation.suivi", "pk": 67, "fields": {"person": 67, "nbre_appel": 0, "nbre_visite_au_culte": 0, "nbre_invitation_au_culte": 0, "nbre_presence_total_au_culte": 0, "choix_person": "0", "boos_suivi": "", "author": null, "sujets_de_priere_suivi": null, "temoignages_suivi": null, "observation_suivi": null}}, {"model": "evangelisation.suivi", "pk": 68, "fields": {"person": 68, "nbre_appel": 0, "nbre_visite_au_culte": 0, "nbre_invitation_au_culte": 0, "nbre_presence_total_au_culte": 0, "choix_person": "0", "boos_suivi": "", "author": null, "sujets_de_priere_suivi": null, "temoignages_suivi": null, "observation_suivi": null}}, {"model": "evangelisation.suivi", "pk": 69, "fields": {"person": 69, "nbre_appel": 0, "nbre_visite_au_culte": 0, "nbre_invitation_au_culte": 0, "nbre_presence_total_au_culte": 0, "choix_person": "0", "boos_suivi": "", "author": null, "sujets_de_priere_suivi": null, "temoignages_suivi": null, "observation_suivi": null}}, {"model": "evangelisation.suivi", "pk": 70, "fields": {"person": 70, "nbre_appel": 0, "nbre_visite_au_culte": 0, "nbre_invitation_au_culte": 0, "nbre_presence_total_au_culte": 0, "choix_person": "0", "boos_suivi": "", "author": null, "sujets_de_priere_suivi": null, "temoignages_suivi": null, "observation_suivi": null}}, {"model": "evangelisation.suivi", "pk": 71, "fields": {"person": 71, "nbre_appel": 0, "nbre_visite_au_culte": 0, "nbre_invitation_au_culte": 0, "nbre_presence_total_au_culte": 0, "choix_person": "0", "boos_suivi": "", "author": null, "sujets_de_priere_suivi": null, "temoignages_suivi": null, "observation_suivi": null}}, {"model": "evangelisation.suivi", "pk": 72, "fields": {"person": 72, "nbre_appel": 0, "nbre_visite_au_culte": 0, "nbre_invitation_au_culte": 0, "nbre_presence_total_au_culte": 0, "choix_person": "0", "boos_suivi": "", "author": null, "sujets_de_priere_suivi": null, "temoignages_suivi": null, "observation_suivi": null}}, {"model": "evangelisation.suivi", "pk": 73, "fields": {"person": 73, "nbre_appel": 0, "nbre_visite_au_culte": 0, "nbre_invitation_au_culte": 0, "nbre_presence_total_au_culte": 0, "choix_person": "0", "boos_suivi": "", "author": null, "sujets_de_priere_suivi": null, "temoignages_suivi": null, "observation_suivi": null}}, {"model": "evangelisation.suivi", "pk": 74, "fields": {"person": 74, "nbre_appel": 0, "nbre_visite_au_culte": 0, "nbre_invitation_au_culte": 0, "nbre_presence_total_au_culte": 0, "choix_person": "0", "boos_suivi": "", "author": null, "sujets_de_priere_suivi": null, "temoignages_suivi": null, "observation_suivi": null}}, {"model": "evangelisation.suivi", "pk": 75, "fields": {"person": 75, "nbre_appel": 0, "nbre_visite_au_culte": 0, "nbre_invitation_au_culte": 0, "nbre_presence_total_au_culte": 0, "choix_person": "0", "boos_suivi": "", "author": null, "sujets_de_priere_suivi": null, "temoignages_suivi": null, "observation_suivi": null}}, {"model": "evangelisation.suivi", "pk": 76, "fields": {"person": 76, "nbre_appel": 0, "nbre_visite_au_culte": 0, "nbre_invitation_au_culte": 0, "nbre_presence_total_au_culte": 0, "choix_person": "0", "boos_suivi": "", "author": null, "sujets_de_priere_suivi": null, "temoignages_suivi": null, "observation_suivi": null}}, {"model": "evangelisation.suivi", "pk": 77, "fields": {"person": 77, "nbre_appel": 0, "nbre_visite_au_culte": 0, "nbre_invitation_au_culte": 0, "nbre_presence_total_au_culte": 0, "choix_person": "0", "boos_suivi": "", "author": null, "sujets_de_priere_suivi": null, "temoignages_suivi": null, "observation_suivi": null}}, {"model": "evangelisation.suivi", "pk": 78, "fields": {"person": 78, "nbre_appel": 0, "nbre_visite_au_culte": 0, "nbre_invitation_au_culte": 0, "nbre_presence_total_au_culte": 0, "choix_person": "0", "boos_suivi": "", "author": null, "sujets_de_priere_suivi": null, "temoignages_suivi": null, "observation_suivi": null}}, {"model": "evangelisation.suivi", "pk": 79, "fields": {"person": 79, "nbre_appel": 0, "nbre_visite_au_culte": 0, "nbre_invitation_au_culte": 0, "nbre_presence_total_au_culte": 0, "choix_person": "0", "boos_suivi": "", "author": null, "sujets_de_priere_suivi": null, "temoignages_suivi": null, "observation_suivi": null}}, {"model": "evangelisation.suivi", "pk": 80, "fields": {"person": 80, "nbre_appel": 0, "nbre_visite_au_culte": 0, "nbre_invitation_au_culte": 0, "nbre_presence_total_au_culte": 0, "choix_person": "0", "boos_suivi": "", "author": null, "sujets_de_priere_suivi": null, "temoignages_suivi": null, "observation_suivi": null}}, {"model": "evangelisation.suivi", "pk": 81, "fields": {"person": 81, "nbre_appel": 0, "nbre_visite_au_culte": 0, "nbre_invitation_au_culte": 0, "nbre_presence_total_au_culte": 0, "choix_person": "0", "boos_suivi": "", "author": null, "sujets_de_priere_suivi": null, "temoignages_suivi": null, "observation_suivi": null}}, {"model": "evangelisation.suivi", "pk": 82, "fields": {"person": 82, "nbre_appel": 0, "nbre_visite_au_culte": 0, "nbre_invitation_au_culte": 0, "nbre_presence_total_au_culte": 0, "choix_person": "0", "boos_suivi": "", "author": null, "sujets_de_priere_suivi": null, "temoignages_suivi": null, "observation_suivi": null}}, {"model": "evangelisation.suivi", "pk": 83, "fields": {"person": 83, "nbre_appel": 0, "nbre_visite_au_culte": 0, "nbre_invitation_au_culte": 0, "nbre_presence_total_au_culte": 0, "choix_person": "0", "boos_suivi": "", "author": null, "sujets_de_priere_suivi": null, "temoignages_suivi": null, "observation_suivi": null}}, {"model": "evangelisation.suivi", "pk": 84, "fields": {"person": 84, "nbre_appel": 0, "nbre_visite_au_culte": 0, "nbre_invitation_au_culte": 0, "nbre_presence_total_au_culte": 0, "choix_person": "0", "boos_suivi": "", "author": null, "sujets_de_priere_suivi": null, "temoignages_suivi": null, "observation_suivi": null}}, {"model": "evangelisation.suivi", "pk": 85, "fields": {"person": 85, "nbre_appel": 0, "nbre_visite_au_culte": 0, "nbre_invitation_au_culte": 0, "nbre_presence_total_au_culte": 0, "choix_person": "0", "boos_suivi": "", "author": null, "sujets_de_priere_suivi": null, "temoignages_suivi": null, "observation_suivi": null}}, {"model": "evangelisation.suivi", "pk": 86, "fields": {"person": 86, "nbre_appel": 0, "nbre_visite_au_culte": 0, "nbre_invitation_au_culte": 0, "nbre_presence_total_au_culte": 0, "choix_person": "0", "boos_suivi": "", "author": null, "sujets_de_priere_suivi": null, "temoignages_suivi": null, "observation_suivi": null}}, {"model": "evangelisation.suivi", "pk": 87, "fields": {"person": 87, "nbre_appel": 0, "nbre_visite_au_culte": 0, "nbre_invitation_au_culte": 0, "nbre_presence_total_au_culte": 0, "choix_person": "0", "boos_suivi": "", "author": null, "sujets_de_priere_suivi": null, "temoignages_suivi": null, "observation_suivi": null}}, {"model": "evangelisation.suivi", "pk": 88, "fields": {"person": 88, "nbre_appel": 0, "nbre_visite_au_culte": 0, "nbre_invitation_au_culte": 0, "nbre_presence_total_au_culte": 0, "choix_person": "0", "boos_suivi": "", "author": null, "sujets_de_priere_suivi": null, "temoignages_suivi": null, "observation_suivi": null}}, {"model": "evangelisation.suivi", "pk": 89, "fields": {"person": 89, "nbre_appel": 0, "nbre_visite_au_culte": 0, "nbre_invitation_au_culte": 0, "nbre_presence_total_au_culte": 0, "choix_person": "0", "boos_suivi": "", "author": null, "sujets_de_priere_suivi": null, "temoignages_suivi": null, "observation_suivi": null}}, {"model": "evangelisation.suivi", "pk": 90, "fields": {"person": 90, "nbre_appel": 0, "nbre_visite_au_culte": 0, "nbre_invitation_au_culte": 0, "nbre_presence_total_au_culte": 0, "choix_person": "0", "boos_suivi": "", "author": null, "sujets_de_priere_suivi": null, "temoignages_suivi": null, "observation_suivi": null}}, {"model": "evangelisation.suivi", "pk": 91, "fields": {"person": 91, "nbre_appel": 0, "nbre_visite_au_culte": 0, "nbre_invitation_au_culte": 0, "nbre_presence_total_au_culte": 0, "choix_person": "0", "boos_suivi": "", "author": null, "sujets_de_priere_suivi": null, "temoignages_suivi": null, "observation_suivi": null}}, {"model": "evangelisation.suivi", "pk": 92, "fields": {"person": 92, "nbre_appel": 0, "nbre_visite_au_culte": 0, "nbre_invitation_au_culte": 0, "nbre_presence_total_au_culte": 0, "choix_person": "0", "boos_suivi": "", "author": null, "sujets_de_priere_suivi": null, "temoignages_suivi": null, "observation_suivi": null}}, {"model": "evangelisation.suivi", "pk": 93, "fields": {"person": 93, "nbre_appel": 0, "nbre_visite_au_culte": 0, "nbre_invitation_au_culte": 0, "nbre_presence_total_au_culte": 0, "choix_person": "0", "boos_suivi": "", "author": null, "sujets_de_priere_suivi": null, "temoignages_suivi": null, "observation_suivi": null}}, {"model": "evangelisation.suivi", "pk": 94, "fields": {"person": 94, "nbre_appel": 0, "nbre_visite_au_culte": 0, "nbre_invitation_au_culte": 0, "nbre_presence_total_au_culte": 0, "choix_person": "0", "boos_suivi": "", "author": null, "sujets_de_priere_suivi": null, "temoignages_suivi": null, "observation_suivi": null}}, {"model": "evangelisation.suivi", "pk": 95, "fields": {"person": 95, "nbre_appel": 0, "nbre_visite_au_culte": 0, "nbre_invitation_au_culte": 0, "nbre_presence_total_au_culte": 0, "choix_person": "0", "boos_suivi": "", "author": null, "sujets_de_priere_suivi": null, "temoignages_suivi": null, "observation_suivi": null}}, {"model": "evangelisation.suivi", "pk": 96, "fields": {"person": 96, "nbre_appel": 0, "nbre_visite_au_culte": 0, "nbre_invitation_au_culte": 0, "nbre_presence_total_au_culte": 0, "choix_person": "0", "boos_suivi": "", "author": null, "sujets_de_priere_suivi": null, "temoignages_suivi": null, "observation_suivi": null}}, {"model": "evangelisation.suivi", "pk": 97, "fields": {"person": 97, "nbre_appel": 0, "nbre_visite_au_culte": 0, "nbre_invitation_au_culte": 0, "nbre_presence_total_au_culte": 0, "choix_person": "0", "boos_suivi": "", "author": null, "sujets_de_priere_suivi": null, "temoignages_suivi": null, "observation_suivi": null}}, {"model": "evangelisation.suivi", "pk": 98, "fields": {"person": 98, "nbre_appel": 0, "nbre_visite_au_culte": 0, "nbre_invitation_au_culte": 0, "nbre_presence_total_au_culte": 0, "choix_person": "0", "boos_suivi": "", "author": null, "sujets_de_priere_suivi": null, "temoignages_suivi": null, "observation_suivi": null}}, {"model": "evangelisation.suivi", "pk": 99, "fields": {"person": 99, "nbre_appel": 0, "nbre_visite_au_culte": 0, "nbre_invitation_au_culte": 0, "nbre_presence_total_au_culte": 0, "choix_person": "0", "boos_suivi": "", "author": null, "sujets_de_priere_suivi": null, "temoignages_suivi": null, "observation_suivi": null}}, {"model": "evangelisation.suivi", "pk": 100, "fields": {"person": 100, "nbre_appel": 0, "nbre_visite_au_culte": 0, "nbre_invitation_au_culte": 0, "nbre_presence_total_au_culte": 0, "choix_person": "0", "boos_suivi": "", "author": null, "sujets_de_priere_suivi": null, "temoignages_suivi": null, "observation_suivi": null}}, {"model": "evangelisation.suivi", "pk": 101, "fields": {"person": 101, "nbre_appel": 0, "nbre_visite_au_culte": 0, "nbre_invitation_au_culte": 0, "nbre_presence_total_au_culte": 0, "choix_person": "0", "boos_suivi": "", "author": null, "sujets_de_priere_suivi": null, "temoignages_suivi": null, "observation_suivi": null}}, {"model": "evangelisation.suivi", "pk": 102, "fields": {"person": 102, "nbre_appel": 0, "nbre_visite_au_culte": 0, "nbre_invitation_au_culte": 0, "nbre_presence_total_au_culte": 0, "choix_person": "0", "boos_suivi": "", "author": null, "sujets_de_priere_suivi": null, "temoignages_suivi": null, "observation_suivi": null}}, {"model": "evangelisation.suivi", "pk": 103, "fields": {"person": 103, "nbre_appel": 0, "nbre_visite_au_culte": 0, "nbre_invitation_au_culte": 0, "nbre_presence_total_au_culte": 0, "choix_person": "0", "boos_suivi": "", "author": null, "sujets_de_priere_suivi": null, "temoignages_suivi": null, "observation_suivi": null}}, {"model": "evangelisation.suivi", "pk": 104, "fields": {"person": 104, "nbre_appel": 0, "nbre_visite_au_culte": 0, "nbre_invitation_au_culte": 0, "nbre_presence_total_au_culte": 0, "choix_person": "0", "boos_suivi": "", "author": null, "sujets_de_priere_suivi": null, "temoignages_suivi": null, "observation_suivi": null}}, {"model": "evangelisation.suivi", "pk": 105, "fields": {"person": 105, "nbre_appel": 0, "nbre_visite_au_culte": 0, "nbre_invitation_au_culte": 0, "nbre_presence_total_au_culte": 0, "choix_person": "0", "boos_suivi": "", "author": null, "sujets_de_priere_suivi": null, "temoignages_suivi": null, "observation_suivi": null}}, {"model": "evangelisation.suivi", "pk": 106, "fields": {"person": 106, "nbre_appel": 0, "nbre_visite_au_culte": 0, "nbre_invitation_au_culte": 0, "nbre_presence_total_au_culte": 0, "choix_person": "0", "boos_suivi": "", "author": null, "sujets_de_priere_suivi": null, "temoignages_suivi": null, "observation_suivi": null}}, {"model": "evangelisation.suivi", "pk": 107, "fields": {"person": 107, "nbre_appel": 0, "nbre_visite_au_culte": 0, "nbre_invitation_au_culte": 0, "nbre_presence_total_au_culte": 0, "choix_person": "0", "boos_suivi": "", "author": null, "sujets_de_priere_suivi": null, "temoignages_suivi": null, "observation_suivi": null}}, {"model": "evangelisation.suivi", "pk": 108, "fields": {"person": 108, "nbre_appel": 0, "nbre_visite_au_culte": 0, "nbre_invitation_au_culte": 0, "nbre_presence_total_au_culte": 0, "choix_person": "0", "boos_suivi": "", "author": null, "sujets_de_priere_suivi": null, "temoignages_suivi": null, "observation_suivi": null}}, {"model": "evangelisation.suivi", "pk": 109, "fields": {"person": 109, "nbre_appel": 0, "nbre_visite_au_culte": 0, "nbre_invitation_au_culte": 0, "nbre_presence_total_au_culte": 0, "choix_person": "0", "boos_suivi": "", "author": null, "sujets_de_priere_suivi": null, "temoignages_suivi": null, "observation_suivi": null}}, {"model": "evangelisation.suivi", "pk": 110, "fields": {"person": 110, "nbre_appel": 0, "nbre_visite_au_culte": 0, "nbre_invitation_au_culte": 0, "nbre_presence_total_au_culte": 0, "choix_person": "0", "boos_suivi": "", "author": null, "sujets_de_priere_suivi": null, "temoignages_suivi": null, "observation_suivi": null}}, {"model": "evangelisation.suivi", "pk": 111, "fields": {"person": 111, "nbre_appel": 0, "nbre_visite_au_culte": 0, "nbre_invitation_au_culte": 0, "nbre_presence_total_au_culte": 0, "choix_person": "0", "boos_suivi": "", "author": null, "sujets_de_priere_suivi": null, "temoignages_suivi": null, "observation_suivi": null}}, {"model": "evangelisation.suivi", "pk": 112, "fields": {"person": 112, "nbre_appel": 0, "nbre_visite_au_culte": 0, "nbre_invitation_au_culte": 0, "nbre_presence_total_au_culte": 0, "choix_person": "0", "boos_suivi": "", "author": null, "sujets_de_priere_suivi": null, "temoignages_suivi": null, "observation_suivi": null}}, {"model": "evangelisation.suivi", "pk": 113, "fields": {"person": 113, "nbre_appel": 0, "nbre_visite_au_culte": 0, "nbre_invitation_au_culte": 0, "nbre_presence_total_au_culte": 0, "choix_person": "0", "boos_suivi": "", "author": null, "sujets_de_priere_suivi": null, "temoignages_suivi": null, "observation_suivi": null}}, {"model": "evangelisation.suivi", "pk": 114, "fields": {"person": 114, "nbre_appel": 0, "nbre_visite_au_culte": 0, "nbre_invitation_au_culte": 0, "nbre_presence_total_au_culte": 0, "choix_person": "0", "boos_suivi": "", "author": null, "sujets_de_priere_suivi": null, "temoignages_suivi": null, "observation_suivi": null}}, {"model": "evangelisation.suivi", "pk": 115, "fields": {"person": 115, "nbre_appel": 0, "nbre_visite_au_culte": 0, "nbre_invitation_au_culte": 0, "nbre_presence_total_au_culte": 0, "choix_person": "0", "boos_suivi": "", "author": null, "sujets_de_priere_suivi": null, "temoignages_suivi": null, "observation_suivi": null}}, {"model": "evangelisation.suivi", "pk": 116, "fields": {"person": 116, "nbre_appel": 0, "nbre_visite_au_culte": 0, "nbre_invitation_au_culte": 0, "nbre_presence_total_au_culte": 0, "choix_person": "0", "boos_suivi": "", "author": null, "sujets_de_priere_suivi": null, "temoignages_suivi": null, "observation_suivi": null}}, {"model": "evangelisation.suivi", "pk": 117, "fields": {"person": 117, "nbre_appel": 0, "nbre_visite_au_culte": 0, "nbre_invitation_au_culte": 0, "nbre_presence_total_au_culte": 0, "choix_person": "0", "boos_suivi": "", "author": null, "sujets_de_priere_suivi": null, "temoignages_suivi": null, "observation_suivi": null}}, {"model": "evangelisation.suivi", "pk": 118, "fields": {"person": 118, "nbre_appel": 0, "nbre_visite_au_culte": 0, "nbre_invitation_au_culte": 0, "nbre_presence_total_au_culte": 0, "choix_person": "0", "boos_suivi": "", "author": null, "sujets_de_priere_suivi": null, "temoignages_suivi": null, "observation_suivi": null}}, {"model": "evangelisation.suivi", "pk": 119, "fields": {"person": 119, "nbre_appel": 0, "nbre_visite_au_culte": 0, "nbre_invitation_au_culte": 0, "nbre_presence_total_au_culte": 0, "choix_person": "0", "boos_suivi": "", "author": null, "sujets_de_priere_suivi": null, "temoignages_suivi": null, "observation_suivi": null}}, {"model": "evangelisation.suivi", "pk": 120, "fields": {"person": 120, "nbre_appel": 0, "nbre_visite_au_culte": 0, "nbre_invitation_au_culte": 0, "nbre_presence_total_au_culte": 0, "choix_person": "0", "boos_suivi": "", "author": null, "sujets_de_priere_suivi": null, "temoignages_suivi": null, "observation_suivi": null}}, {"model": "evangelisation.suivi", "pk": 121, "fields": {"person": 121, "nbre_appel": 0, "nbre_visite_au_culte": 0, "nbre_invitation_au_culte": 0, "nbre_presence_total_au_culte": 0, "choix_person": "0", "boos_suivi": "", "author": null, "sujets_de_priere_suivi": null, "temoignages_suivi": null, "observation_suivi": null}}, {"model": "evangelisation.suivi", "pk": 122, "fields": {"person": 122, "nbre_appel": 0, "nbre_visite_au_culte": 0, "nbre_invitation_au_culte": 0, "nbre_presence_total_au_culte": 0, "choix_person": "0", "boos_suivi": "", "author": null, "sujets_de_priere_suivi": null, "temoignages_suivi": null, "observation_suivi": null}}, {"model": "evangelisation.suivi", "pk": 123, "fields": {"person": 123, "nbre_appel": 0, "nbre_visite_au_culte": 0, "nbre_invitation_au_culte": 0, "nbre_presence_total_au_culte": 0, "choix_person": "0", "boos_suivi": "", "author": null, "sujets_de_priere_suivi": null, "temoignages_suivi": null, "observation_suivi": null}}, {"model": "evangelisation.suivi", "pk": 124, "fields": {"person": 124, "nbre_appel": 0, "nbre_visite_au_culte": 0, "nbre_invitation_au_culte": 0, "nbre_presence_total_au_culte": 0, "choix_person": "0", "boos_suivi": "", "author": null, "sujets_de_priere_suivi": null, "temoignages_suivi": null, "observation_suivi": null}}, {"model": "evangelisation.suivi", "pk": 125, "fields": {"person": 125, "nbre_appel": 0, "nbre_visite_au_culte": 0, "nbre_invitation_au_culte": 0, "nbre_presence_total_au_culte": 0, "choix_person": "0", "boos_suivi": "", "author": null, "sujets_de_priere_suivi": null, "temoignages_suivi": null, "observation_suivi": null}}, {"model": "evangelisation.suivi", "pk": 126, "fields": {"person": 126, "nbre_appel": 0, "nbre_visite_au_culte": 0, "nbre_invitation_au_culte": 0, "nbre_presence_total_au_culte": 0, "choix_person": "0", "boos_suivi": "", "author": null, "sujets_de_priere_suivi": null, "temoignages_suivi": null, "observation_suivi": null}}, {"model": "evangelisation.suivi", "pk": 127, "fields": {"person": 127, "nbre_appel": 0, "nbre_visite_au_culte": 0, "nbre_invitation_au_culte": 0, "nbre_presence_total_au_culte": 0, "choix_person": "0", "boos_suivi": "", "author": null, "sujets_de_priere_suivi": null, "temoignages_suivi": null, "observation_suivi": null}}, {"model": "evangelisation.suivi", "pk": 128, "fields": {"person": 128, "nbre_appel": 0, "nbre_visite_au_culte": 0, "nbre_invitation_au_culte": 0, "nbre_presence_total_au_culte": 0, "choix_person": "0", "boos_suivi": "", "author": null, "sujets_de_priere_suivi": null, "temoignages_suivi": null, "observation_suivi": null}}, {"model": "evangelisation.suivi", "pk": 129, "fields": {"person": 129, "nbre_appel": 0, "nbre_visite_au_culte": 0, "nbre_invitation_au_culte": 0, "nbre_presence_total_au_culte": 0, "choix_person": "0", "boos_suivi": "", "author": null, "sujets_de_priere_suivi": null, "temoignages_suivi": null, "observation_suivi": null}}, {"model": "evangelisation.suivi", "pk": 130, "fields": {"person": 130, "nbre_appel": 0, "nbre_visite_au_culte": 0, "nbre_invitation_au_culte": 0, "nbre_presence_total_au_culte": 0, "choix_person": "0", "boos_suivi": "", "author": null, "sujets_de_priere_suivi": null, "temoignages_suivi": null, "observation_suivi": null}}, {"model": "evangelisation.suivi", "pk": 131, "fields": {"person": 131, "nbre_appel": 0, "nbre_visite_au_culte": 0, "nbre_invitation_au_culte": 0, "nbre_presence_total_au_culte": 0, "choix_person": "0", "boos_suivi": "", "author": null, "sujets_de_priere_suivi": null, "temoignages_suivi": null, "observation_suivi": null}}, {"model": "evangelisation.suivi", "pk": 132, "fields": {"person": 132, "nbre_appel": 0, "nbre_visite_au_culte": 0, "nbre_invitation_au_culte": 0, "nbre_presence_total_au_culte": 0, "choix_person": "0", "boos_suivi": "", "author": null, "sujets_de_priere_suivi": null, "temoignages_suivi": null, "observation_suivi": null}}, {"model": "evangelisation.suivi", "pk": 133, "fields": {"person": 133, "nbre_appel": 0, "nbre_visite_au_culte": 0, "nbre_invitation_au_culte": 0, "nbre_presence_total_au_culte": 0, "choix_person": "0", "boos_suivi": "", "author": null, "sujets_de_priere_suivi": null, "temoignages_suivi": null, "observation_suivi": null}}, {"model": "evangelisation.suivi", "pk": 134, "fields": {"person": 134, "nbre_appel": 0, "nbre_visite_au_culte": 0, "nbre_invitation_au_culte": 0, "nbre_presence_total_au_culte": 0, "choix_person": "0", "boos_suivi": "", "author": null, "sujets_de_priere_suivi": null, "temoignages_suivi": null, "observation_suivi": null}}, {"model": "evangelisation.suivi", "pk": 135, "fields": {"person": 135, "nbre_appel": 0, "nbre_visite_au_culte": 0, "nbre_invitation_au_culte": 0, "nbre_presence_total_au_culte": 0, "choix_person": "0", "boos_suivi": "", "author": null, "sujets_de_priere_suivi": null, "temoignages_suivi": null, "observation_suivi": null}}, {"model": "evangelisation.suivi", "pk": 136, "fields": {"person": 136, "nbre_appel": 0, "nbre_visite_au_culte": 0, "nbre_invitation_au_culte": 0, "nbre_presence_total_au_culte": 0, "choix_person": "0", "boos_suivi": "", "author": null, "sujets_de_priere_suivi": null, "temoignages_suivi": null, "observation_suivi": null}}, {"model": "evangelisation.suivi", "pk": 137, "fields": {"person": 137, "nbre_appel": 0, "nbre_visite_au_culte": 0, "nbre_invitation_au_culte": 0, "nbre_presence_total_au_culte": 0, "choix_person": "0", "boos_suivi": "", "author": null, "sujets_de_priere_suivi": null, "temoignages_suivi": null, "observation_suivi": null}}, {"model": "evangelisation.suivi", "pk": 138, "fields": {"person": 138, "nbre_appel": 0, "nbre_visite_au_culte": 0, "nbre_invitation_au_culte": 0, "nbre_presence_total_au_culte": 0, "choix_person": "0", "boos_suivi": "", "author": null, "sujets_de_priere_suivi": null, "temoignages_suivi": null, "observation_suivi": null}}, {"model": "evangelisation.suivi", "pk": 139, "fields": {"person": 139, "nbre_appel": 0, "nbre_visite_au_culte": 0, "nbre_invitation_au_culte": 0, "nbre_presence_total_au_culte": 0, "choix_person": "0", "boos_suivi": "", "author": null, "sujets_de_priere_suivi": null, "temoignages_suivi": null, "observation_suivi": null}}, {"model": "evangelisation.suivi", "pk": 140, "fields": {"person": 140, "nbre_appel": 0, "nbre_visite_au_culte": 0, "nbre_invitation_au_culte": 0, "nbre_presence_total_au_culte": 0, "choix_person": "0", "boos_suivi": "", "author": null, "sujets_de_priere_suivi": null, "temoignages_suivi": null, "observation_suivi": null}}, {"model": "evangelisation.suivi", "pk": 141, "fields": {"person": 141, "nbre_appel": 0, "nbre_visite_au_culte": 0, "nbre_invitation_au_culte": 0, "nbre_presence_total_au_culte": 0, "choix_person": "0", "boos_suivi": "", "author": null, "sujets_de_priere_suivi": null, "temoignages_suivi": null, "observation_suivi": null}}, {"model": "evangelisation.suivi", "pk": 142, "fields": {"person": 142, "nbre_appel": 0, "nbre_visite_au_culte": 0, "nbre_invitation_au_culte": 0, "nbre_presence_total_au_culte": 0, "choix_person": "0", "boos_suivi": "", "author": null, "sujets_de_priere_suivi": null, "temoignages_suivi": null, "observation_suivi": null}}, {"model": "evangelisation.suivi", "pk": 143, "fields": {"person": 143, "nbre_appel": 0, "nbre_visite_au_culte": 0, "nbre_invitation_au_culte": 0, "nbre_presence_total_au_culte": 0, "choix_person": "0", "boos_suivi": "", "author": null, "sujets_de_priere_suivi": null, "temoignages_suivi": null, "observation_suivi": null}}, {"model": "evangelisation.suivi", "pk": 144, "fields": {"person": 144, "nbre_appel": 0, "nbre_visite_au_culte": 0, "nbre_invitation_au_culte": 0, "nbre_presence_total_au_culte": 0, "choix_person": "0", "boos_suivi": "", "author": null, "sujets_de_priere_suivi": null, "temoignages_suivi": null, "observation_suivi": null}}, {"model": "evangelisation.suivi", "pk": 145, "fields": {"person": 145, "nbre_appel": 0, "nbre_visite_au_culte": 0, "nbre_invitation_au_culte": 0, "nbre_presence_total_au_culte": 0, "choix_person": "0", "boos_suivi": "", "author": null, "sujets_de_priere_suivi": null, "temoignages_suivi": null, "observation_suivi": null}}, {"model": "evangelisation.suivi", "pk": 146, "fields": {"person": 146, "nbre_appel": 0, "nbre_visite_au_culte": 0, "nbre_invitation_au_culte": 0, "nbre_presence_total_au_culte": 0, "choix_person": "0", "boos_suivi": "", "author": null, "sujets_de_priere_suivi": null, "temoignages_suivi": null, "observation_suivi": null}}, {"model": "evangelisation.suivi", "pk": 147, "fields": {"person": 147, "nbre_appel": 0, "nbre_visite_au_culte": 0, "nbre_invitation_au_culte": 0, "nbre_presence_total_au_culte": 0, "choix_person": "0", "boos_suivi": "", "author": null, "sujets_de_priere_suivi": null, "temoignages_suivi": null, "observation_suivi": null}}, {"model": "evangelisation.suivi", "pk": 148, "fields": {"person": 148, "nbre_appel": 0, "nbre_visite_au_culte": 0, "nbre_invitation_au_culte": 0, "nbre_presence_total_au_culte": 0, "choix_person": "0", "boos_suivi": "", "author": null, "sujets_de_priere_suivi": null, "temoignages_suivi": null, "observation_suivi": null}}, {"model": "evangelisation.suivi", "pk": 149, "fields": {"person": 149, "nbre_appel": 0, "nbre_visite_au_culte": 0, "nbre_invitation_au_culte": 0, "nbre_presence_total_au_culte": 0, "choix_person": "0", "boos_suivi": "", "author": null, "sujets_de_priere_suivi": null, "temoignages_suivi": null, "observation_suivi": null}}, {"model": "evangelisation.suivi", "pk": 150, "fields": {"person": 150, "nbre_appel": 0, "nbre_visite_au_culte": 0, "nbre_invitation_au_culte": 0, "nbre_presence_total_au_culte": 0, "choix_person": "0", "boos_suivi": "", "author": null, "sujets_de_priere_suivi": null, "temoignages_suivi": null, "observation_suivi": null}}, {"model": "evangelisation.suivi", "pk": 151, "fields": {"person": 151, "nbre_appel": 0, "nbre_visite_au_culte": 0, "nbre_invitation_au_culte": 0, "nbre_presence_total_au_culte": 0, "choix_person": "0", "boos_suivi": "", "author": null, "sujets_de_priere_suivi": null, "temoignages_suivi": null, "observation_suivi": null}}, {"model": "evangelisation.suivi", "pk": 152, "fields": {"person": 152, "nbre_appel": 0, "nbre_visite_au_culte": 0, "nbre_invitation_au_culte": 0, "nbre_presence_total_au_culte": 0, "choix_person": "0", "boos_suivi": "", "author": null, "sujets_de_priere_suivi": null, "temoignages_suivi": null, "observation_suivi": null}}, {"model": "evangelisation.suivi", "pk": 153, "fields": {"person": 153, "nbre_appel": 0, "nbre_visite_au_culte": 0, "nbre_invitation_au_culte": 0, "nbre_presence_total_au_culte": 0, "choix_person": "0", "boos_suivi": "", "author": null, "sujets_de_priere_suivi": null, "temoignages_suivi": null, "observation_suivi": null}}, {"model": "evangelisation.suivi", "pk": 154, "fields": {"person": 154, "nbre_appel": 0, "nbre_visite_au_culte": 0, "nbre_invitation_au_culte": 0, "nbre_presence_total_au_culte": 0, "choix_person": "0", "boos_suivi": "", "author": null, "sujets_de_priere_suivi": null, "temoignages_suivi": null, "observation_suivi": null}}, {"model": "evangelisation.suivi", "pk": 155, "fields": {"person": 155, "nbre_appel": 0, "nbre_visite_au_culte": 0, "nbre_invitation_au_culte": 0, "nbre_presence_total_au_culte": 0, "choix_person": "0", "boos_suivi": "", "author": null, "sujets_de_priere_suivi": null, "temoignages_suivi": null, "observation_suivi": null}}, {"model": "evangelisation.suivi", "pk": 156, "fields": {"person": 156, "nbre_appel": 0, "nbre_visite_au_culte": 0, "nbre_invitation_au_culte": 0, "nbre_presence_total_au_culte": 0, "choix_person": "0", "boos_suivi": "", "author": null, "sujets_de_priere_suivi": null, "temoignages_suivi": null, "observation_suivi": null}}, {"model": "evangelisation.suivi", "pk": 157, "fields": {"person": 157, "nbre_appel": 0, "nbre_visite_au_culte": 0, "nbre_invitation_au_culte": 0, "nbre_presence_total_au_culte": 0, "choix_person": "0", "boos_suivi": "", "author": null, "sujets_de_priere_suivi": null, "temoignages_suivi": null, "observation_suivi": null}}, {"model": "evangelisation.suivi", "pk": 158, "fields": {"person": 158, "nbre_appel": 0, "nbre_visite_au_culte": 0, "nbre_invitation_au_culte": 0, "nbre_presence_total_au_culte": 0, "choix_person": "0", "boos_suivi": "", "author": null, "sujets_de_priere_suivi": null, "temoignages_suivi": null, "observation_suivi": null}}, {"model": "evangelisation.suivi", "pk": 159, "fields": {"person": 159, "nbre_appel": 0, "nbre_visite_au_culte": 0, "nbre_invitation_au_culte": 0, "nbre_presence_total_au_culte": 0, "choix_person": "0", "boos_suivi": "", "author": null, "sujets_de_priere_suivi": null, "temoignages_suivi": null, "observation_suivi": null}}, {"model": "evangelisation.suivi", "pk": 160, "fields": {"person": 160, "nbre_appel": 0, "nbre_visite_au_culte": 0, "nbre_invitation_au_culte": 0, "nbre_presence_total_au_culte": 0, "choix_person": "0", "boos_suivi": "", "author": null, "sujets_de_priere_suivi": null, "temoignages_suivi": null, "observation_suivi": null}}, {"model": "evangelisation.suivi", "pk": 161, "fields": {"person": 161, "nbre_appel": 0, "nbre_visite_au_culte": 0, "nbre_invitation_au_culte": 0, "nbre_presence_total_au_culte": 0, "choix_person": "0", "boos_suivi": "", "author": null, "sujets_de_priere_suivi": null, "temoignages_suivi": null, "observation_suivi": null}}, {"model": "evangelisation.suivi", "pk": 162, "fields": {"person": 162, "nbre_appel": 0, "nbre_visite_au_culte": 0, "nbre_invitation_au_culte": 0, "nbre_presence_total_au_culte": 0, "choix_person": "0", "boos_suivi": "", "author": null, "sujets_de_priere_suivi": null, "temoignages_suivi": null, "observation_suivi": null}}, {"model": "evangelisation.suivi", "pk": 163, "fields": {"person": 163, "nbre_appel": 0, "nbre_visite_au_culte": 0, "nbre_invitation_au_culte": 0, "nbre_presence_total_au_culte": 0, "choix_person": "0", "boos_suivi": "", "author": null, "sujets_de_priere_suivi": null, "temoignages_suivi": null, "observation_suivi": null}}, {"model": "evangelisation.suivi", "pk": 164, "fields": {"person": 164, "nbre_appel": 0, "nbre_visite_au_culte": 0, "nbre_invitation_au_culte": 0, "nbre_presence_total_au_culte": 0, "choix_person": "0", "boos_suivi": "", "author": null, "sujets_de_priere_suivi": null, "temoignages_suivi": null, "observation_suivi": null}}, {"model": "evangelisation.suivi", "pk": 165, "fields": {"person": 165, "nbre_appel": 0, "nbre_visite_au_culte": 0, "nbre_invitation_au_culte": 0, "nbre_presence_total_au_culte": 0, "choix_person": "0", "boos_suivi": "", "author": null, "sujets_de_priere_suivi": null, "temoignages_suivi": null, "observation_suivi": null}}, {"model": "evangelisation.suivi", "pk": 166, "fields": {"person": 166, "nbre_appel": 0, "nbre_visite_au_culte": 0, "nbre_invitation_au_culte": 0, "nbre_presence_total_au_culte": 0, "choix_person": "0", "boos_suivi": "", "author": null, "sujets_de_priere_suivi": null, "temoignages_suivi": null, "observation_suivi": null}}, {"model": "evangelisation.suivi", "pk": 167, "fields": {"person": 167, "nbre_appel": 0, "nbre_visite_au_culte": 0, "nbre_invitation_au_culte": 0, "nbre_presence_total_au_culte": 0, "choix_person": "0", "boos_suivi": "", "author": null, "sujets_de_priere_suivi": null, "temoignages_suivi": null, "observation_suivi": null}}, {"model": "evangelisation.suivi", "pk": 168, "fields": {"person": 168, "nbre_appel": 0, "nbre_visite_au_culte": 0, "nbre_invitation_au_culte": 0, "nbre_presence_total_au_culte": 0, "choix_person": "0", "boos_suivi": "", "author": null, "sujets_de_priere_suivi": null, "temoignages_suivi": null, "observation_suivi": null}}, {"model": "evangelisation.suivi", "pk": 169, "fields": {"person": 169, "nbre_appel": 0, "nbre_visite_au_culte": 0, "nbre_invitation_au_culte": 0, "nbre_presence_total_au_culte": 0, "choix_person": "0", "boos_suivi": "", "author": null, "sujets_de_priere_suivi": null, "temoignages_suivi": null, "observation_suivi": null}}, {"model": "evangelisation.suivi", "pk": 170, "fields": {"person": 170, "nbre_appel": 0, "nbre_visite_au_culte": 0, "nbre_invitation_au_culte": 0, "nbre_presence_total_au_culte": 0, "choix_person": "0", "boos_suivi": "", "author": null, "sujets_de_priere_suivi": null, "temoignages_suivi": null, "observation_suivi": null}}, {"model": "evangelisation.suivi", "pk": 171, "fields": {"person": 171, "nbre_appel": 0, "nbre_visite_au_culte": 0, "nbre_invitation_au_culte": 0, "nbre_presence_total_au_culte": 0, "choix_person": "0", "boos_suivi": "", "author": null, "sujets_de_priere_suivi": null, "temoignages_suivi": null, "observation_suivi": null}}, {"model": "evangelisation.suivi", "pk": 172, "fields": {"person": 172, "nbre_appel": 0, "nbre_visite_au_culte": 0, "nbre_invitation_au_culte": 0, "nbre_presence_total_au_culte": 0, "choix_person": "0", "boos_suivi": "", "author": null, "sujets_de_priere_suivi": null, "temoignages_suivi": null, "observation_suivi": null}}, {"model": "evangelisation.suivi", "pk": 173, "fields": {"person": 173, "nbre_appel": 0, "nbre_visite_au_culte": 0, "nbre_invitation_au_culte": 0, "nbre_presence_total_au_culte": 0, "choix_person": "0", "boos_suivi": "", "author": null, "sujets_de_priere_suivi": null, "temoignages_suivi": null, "observation_suivi": null}}, {"model": "evangelisation.suivi", "pk": 174, "fields": {"person": 174, "nbre_appel": 0, "nbre_visite_au_culte": 0, "nbre_invitation_au_culte": 0, "nbre_presence_total_au_culte": 0, "choix_person": "0", "boos_suivi": "", "author": null, "sujets_de_priere_suivi": null, "temoignages_suivi": null, "observation_suivi": null}}, {"model": "evangelisation.suivi", "pk": 175, "fields": {"person": 175, "nbre_appel": 0, "nbre_visite_au_culte": 0, "nbre_invitation_au_culte": 0, "nbre_presence_total_au_culte": 0, "choix_person": "0", "boos_suivi": "", "author": null, "sujets_de_priere_suivi": null, "temoignages_suivi": null, "observation_suivi": null}}, {"model": "evangelisation.suivi", "pk": 176, "fields": {"person": 176, "nbre_appel": 0, "nbre_visite_au_culte": 0, "nbre_invitation_au_culte": 0, "nbre_presence_total_au_culte": 0, "choix_person": "0", "boos_suivi": "", "author": null, "sujets_de_priere_suivi": null, "temoignages_suivi": null, "observation_suivi": null}}, {"model": "evangelisation.suivi", "pk": 177, "fields": {"person": 177, "nbre_appel": 0, "nbre_visite_au_culte": 0, "nbre_invitation_au_culte": 0, "nbre_presence_total_au_culte": 0, "choix_person": "0", "boos_suivi": "", "author": null, "sujets_de_priere_suivi": null, "temoignages_suivi": null, "observation_suivi": null}}, {"model": "evangelisation.suivi", "pk": 178, "fields": {"person": 178, "nbre_appel": 0, "nbre_visite_au_culte": 0, "nbre_invitation_au_culte": 0, "nbre_presence_total_au_culte": 0, "choix_person": "0", "boos_suivi": "", "author": null, "sujets_de_priere_suivi": null, "temoignages_suivi": null, "observation_suivi": null}}, {"model": "evangelisation.suivi", "pk": 179, "fields": {"person": 179, "nbre_appel": 0, "nbre_visite_au_culte": 0, "nbre_invitation_au_culte": 0, "nbre_presence_total_au_culte": 0, "choix_person": "0", "boos_suivi": "", "author": null, "sujets_de_priere_suivi": null, "temoignages_suivi": null, "observation_suivi": null}}, {"model": "evangelisation.suivi", "pk": 180, "fields": {"person": 180, "nbre_appel": 0, "nbre_visite_au_culte": 0, "nbre_invitation_au_culte": 0, "nbre_presence_total_au_culte": 0, "choix_person": "0", "boos_suivi": "", "author": null, "sujets_de_priere_suivi": null, "temoignages_suivi": null, "observation_suivi": null}}, {"model": "evangelisation.suivi", "pk": 181, "fields": {"person": 181, "nbre_appel": 0, "nbre_visite_au_culte": 0, "nbre_invitation_au_culte": 0, "nbre_presence_total_au_culte": 0, "choix_person": "0", "boos_suivi": "", "author": null, "sujets_de_priere_suivi": null, "temoignages_suivi": null, "observation_suivi": null}}, {"model": "evangelisation.suivi", "pk": 182, "fields": {"person": 182, "nbre_appel": 0, "nbre_visite_au_culte": 0, "nbre_invitation_au_culte": 0, "nbre_presence_total_au_culte": 0, "choix_person": "0", "boos_suivi": "", "author": null, "sujets_de_priere_suivi": null, "temoignages_suivi": null, "observation_suivi": null}}, {"model": "evangelisation.suivi", "pk": 183, "fields": {"person": 183, "nbre_appel": 0, "nbre_visite_au_culte": 0, "nbre_invitation_au_culte": 0, "nbre_presence_total_au_culte": 0, "choix_person": "0", "boos_suivi": "", "author": null, "sujets_de_priere_suivi": null, "temoignages_suivi": null, "observation_suivi": null}}, {"model": "evangelisation.suivi", "pk": 184, "fields": {"person": 184, "nbre_appel": 0, "nbre_visite_au_culte": 0, "nbre_invitation_au_culte": 0, "nbre_presence_total_au_culte": 0, "choix_person": "0", "boos_suivi": "", "author": null, "sujets_de_priere_suivi": null, "temoignages_suivi": null, "observation_suivi": null}}, {"model": "evangelisation.suivi", "pk": 185, "fields": {"person": 185, "nbre_appel": 0, "nbre_visite_au_culte": 0, "nbre_invitation_au_culte": 0, "nbre_presence_total_au_culte": 0, "choix_person": "0", "boos_suivi": "", "author": null, "sujets_de_priere_suivi": null, "temoignages_suivi": null, "observation_suivi": null}}, {"model": "evangelisation.suivi", "pk": 186, "fields": {"person": 186, "nbre_appel": 0, "nbre_visite_au_culte": 0, "nbre_invitation_au_culte": 0, "nbre_presence_total_au_culte": 0, "choix_person": "0", "boos_suivi": "", "author": null, "sujets_de_priere_suivi": null, "temoignages_suivi": null, "observation_suivi": null}}, {"model": "evangelisation.suivi", "pk": 187, "fields": {"person": 187, "nbre_appel": 0, "nbre_visite_au_culte": 0, "nbre_invitation_au_culte": 0, "nbre_presence_total_au_culte": 0, "choix_person": "0", "boos_suivi": "", "author": null, "sujets_de_priere_suivi": null, "temoignages_suivi": null, "observation_suivi": null}}, {"model": "evangelisation.suivi", "pk": 188, "fields": {"person": 188, "nbre_appel": 0, "nbre_visite_au_culte": 0, "nbre_invitation_au_culte": 0, "nbre_presence_total_au_culte": 0, "choix_person": "0", "boos_suivi": "", "author": null, "sujets_de_priere_suivi": null, "temoignages_suivi": null, "observation_suivi": null}}, {"model": "evangelisation.profile", "pk": 6, "fields": {"user": 6, "image": "", "phone": 699806665, "sexe": "masculin", "created": "2022-01-23T23:12:15.325Z", "updated": "2022-01-23T23:12:15.325Z"}}, {"model": "evangelisation.profile", "pk": 7, "fields": {"user": 7, "image": "", "phone": null, "sexe": "", "created": "2022-01-25T00:58:59.903Z", "updated": "2022-01-25T00:58:59.903Z"}}, {"model": "evangelisation.profile", "pk": 8, "fields": {"user": 8, "image": "", "phone": null, "sexe": "", "created": "2022-01-25T00:59:46.108Z", "updated": "2022-01-25T00:59:46.108Z"}}, {"model": "evangelisation.profile", "pk": 9, "fields": {"user": 9, "image": "", "phone": null, "sexe": "", "created": "2022-01-25T01:00:09.637Z", "updated": "2022-01-25T01:00:09.637Z"}}, {"model": "evangelisation.profile", "pk": 10, "fields": {"user": 10, "image": "", "phone": null, "sexe": "", "created": "2022-01-25T01:00:42.515Z", "updated": "2022-01-25T01:00:42.515Z"}}, {"model": "evangelisation.profile", "pk": 11, "fields": {"user": 11, "image": "", "phone": null, "sexe": "", "created": "2022-01-25T01:01:14.812Z", "updated": "2022-01-25T01:01:14.812Z"}}, {"model": "evangelisation.profile", "pk": 12, "fields": {"user": 12, "image": "", "phone": null, "sexe": "", "created": "2022-01-25T01:01:52.193Z", "updated": "2022-01-25T01:01:52.193Z"}}, {"model": "history.history", "pk": 1, "fields": {"user": null, "content_object": "landry c'est connect\u00e9 le 2022-01-23 22:50:47.527532+00:00", "action_type": "connection", "created": "2022-01-23T22:50:47.530Z", "updated": "2022-01-23T22:50:47.530Z"}}, {"model": "history.history", "pk": 2, "fields": {"user": null, "content_object": "landry c'est connect\u00e9 le 2022-01-23 22:55:52.918503+00:00", "action_type": "connection", "created": "2022-01-23T22:55:52.921Z", "updated": "2022-01-23T22:55:52.921Z"}}, {"model": "history.history", "pk": 3, "fields": {"user": null, "content_object": "COMPTE:::Utilisateur: landry2022", "action_type": "ajout de", "created": "2022-01-23T22:58:08.400Z", "updated": "2022-01-23T22:58:08.400Z"}}, {"model": "history.history", "pk": 4, "fields": {"user": null, "content_object": "COMPTE:::Utilisateur:: profile a: landry2022", "action_type": "ajout de", "created": "2022-01-23T22:58:08.405Z", "updated": "2022-01-23T22:58:08.405Z"}}, {"model": "history.history", "pk": 5, "fields": {"user": null, "content_object": "Participant:: landry onana", "action_type": "ajout de", "created": "2022-01-23T22:58:08.410Z", "updated": "2022-01-23T22:58:08.410Z"}}, {"model": "history.history", "pk": 6, "fields": {"user": null, "content_object": "landry2022 c'est connect\u00e9 le 2022-01-23 22:58:46.701775+00:00", "action_type": "connection", "created": "2022-01-23T22:58:46.704Z", "updated": "2022-01-23T22:58:46.704Z"}}, {"model": "history.history", "pk": 7, "fields": {"user": null, "content_object": "COMPTE:::Utilisateur: landry", "action_type": "ajout de", "created": "2022-01-23T23:08:24.315Z", "updated": "2022-01-23T23:08:24.315Z"}}, {"model": "history.history", "pk": 8, "fields": {"user": null, "content_object": "COMPTE:::Utilisateur:: profile a: landry", "action_type": "ajout de", "created": "2022-01-23T23:08:24.323Z", "updated": "2022-01-23T23:08:24.323Z"}}, {"model": "history.history", "pk": 9, "fields": {"user": 6, "content_object": "landry c'est connect\u00e9 le 2022-01-23 23:12:35.776760+00:00", "action_type": "connection", "created": "2022-01-23T23:12:35.779Z", "updated": "2022-01-23T23:12:35.779Z"}}, {"model": "history.history", "pk": 10, "fields": {"user": 6, "content_object": "landry c'est connect\u00e9 le 2022-01-24 19:58:02.387886+00:00", "action_type": "connection", "created": "2022-01-24T19:58:02.392Z", "updated": "2022-01-24T19:58:02.392Z"}}, {"model": "history.history", "pk": 11, "fields": {"user": 6, "content_object": "COMPTE:::Utilisateur: alvine", "action_type": "ajout de", "created": "2022-01-25T00:58:59.900Z", "updated": "2022-01-25T00:58:59.900Z"}}, {"model": "history.history", "pk": 12, "fields": {"user": 6, "content_object": "COMPTE:::Utilisateur:: profile a: alvine", "action_type": "ajout de", "created": "2022-01-25T00:58:59.906Z", "updated": "2022-01-25T00:58:59.906Z"}}, {"model": "history.history", "pk": 13, "fields": {"user": 6, "content_object": "COMPTE:::Utilisateur: fulbert", "action_type": "ajout de", "created": "2022-01-25T00:59:46.105Z", "updated": "2022-01-25T00:59:46.105Z"}}, {"model": "history.history", "pk": 14, "fields": {"user": 6, "content_object": "COMPTE:::Utilisateur:: profile a: fulbert", "action_type": "ajout de", "created": "2022-01-25T00:59:46.110Z", "updated": "2022-01-25T00:59:46.110Z"}}, {"model": "history.history", "pk": 15, "fields": {"user": 6, "content_object": "COMPTE:::Utilisateur: joel", "action_type": "ajout de", "created": "2022-01-25T01:00:09.634Z", "updated": "2022-01-25T01:00:09.634Z"}}, {"model": "history.history", "pk": 16, "fields": {"user": 6, "content_object": "COMPTE:::Utilisateur:: profile a: joel", "action_type": "ajout de", "created": "2022-01-25T01:00:09.639Z", "updated": "2022-01-25T01:00:09.639Z"}}, {"model": "history.history", "pk": 17, "fields": {"user": 6, "content_object": "COMPTE:::Utilisateur: herve", "action_type": "ajout de", "created": "2022-01-25T01:00:42.513Z", "updated": "2022-01-25T01:00:42.513Z"}}, {"model": "history.history", "pk": 18, "fields": {"user": 6, "content_object": "COMPTE:::Utilisateur:: profile a: herve", "action_type": "ajout de", "created": "2022-01-25T01:00:42.517Z", "updated": "2022-01-25T01:00:42.517Z"}}, {"model": "history.history", "pk": 19, "fields": {"user": 6, "content_object": "Participant:: pasteur herv\u00e9", "action_type": "ajout de", "created": "2022-01-25T01:00:42.521Z", "updated": "2022-01-25T01:00:42.521Z"}}, {"model": "history.history", "pk": 20, "fields": {"user": 6, "content_object": "COMPTE:::Utilisateur: mike", "action_type": "ajout de", "created": "2022-01-25T01:01:14.810Z", "updated": "2022-01-25T01:01:14.810Z"}}, {"model": "history.history", "pk": 21, "fields": {"user": 6, "content_object": "COMPTE:::Utilisateur:: profile a: mike", "action_type": "ajout de", "created": "2022-01-25T01:01:14.814Z", "updated": "2022-01-25T01:01:14.814Z"}}, {"model": "history.history", "pk": 22, "fields": {"user": 6, "content_object": "COMPTE:::Utilisateur: emmanuel", "action_type": "ajout de", "created": "2022-01-25T01:01:52.190Z", "updated": "2022-01-25T01:01:52.190Z"}}, {"model": "history.history", "pk": 23, "fields": {"user": 6, "content_object": "COMPTE:::Utilisateur:: profile a: emmanuel", "action_type": "ajout de", "created": "2022-01-25T01:01:52.195Z", "updated": "2022-01-25T01:01:52.195Z"}}, {"model": "history.history", "pk": 24, "fields": {"user": 6, "content_object": "Participant:: AP emmanuel", "action_type": "ajout de", "created": "2022-01-25T01:01:52.199Z", "updated": "2022-01-25T01:01:52.199Z"}}, {"model": "history.history", "pk": 25, "fields": {"user": 6, "content_object": "landry c'est connect\u00e9 le 2022-01-26 18:37:38.848864+00:00", "action_type": "connection", "created": "2022-01-26T18:37:38.855Z", "updated": "2022-01-26T18:37:38.855Z"}}, {"model": "history.history", "pk": 26, "fields": {"user": 6, "content_object": "landry c'est d\u00e9connect\u00e9", "action_type": "d\u00e9connection", "created": "2022-01-26T18:39:48.178Z", "updated": "2022-01-26T18:39:48.178Z"}}, {"model": "history.history", "pk": 27, "fields": {"user": 7, "content_object": "alvine c'est connect\u00e9 le 2022-01-31 14:16:43.738386+00:00", "action_type": "connection", "created": "2022-01-31T14:16:43.743Z", "updated": "2022-01-31T14:16:43.743Z"}}, {"model": "history.history", "pk": 28, "fields": {"user": 7, "content_object": "alvine c'est d\u00e9connect\u00e9", "action_type": "d\u00e9connection", "created": "2022-01-31T14:20:57.899Z", "updated": "2022-01-31T14:20:57.899Z"}}, {"model": "history.history", "pk": 29, "fields": {"user": 7, "content_object": "alvine c'est connect\u00e9 le 2022-01-31 16:41:31.758408+00:00", "action_type": "connection", "created": "2022-01-31T16:41:31.762Z", "updated": "2022-01-31T16:41:31.762Z"}}, {"model": "history.history", "pk": 30, "fields": {"user": 6, "content_object": "landry c'est connect\u00e9 le 2022-01-31 17:02:18.692615+00:00", "action_type": "connection", "created": "2022-01-31T17:02:18.696Z", "updated": "2022-01-31T17:02:18.696Z"}}, {"model": "history.history", "pk": 31, "fields": {"user": 6, "content_object": "landry c'est connect\u00e9 le 2022-02-01 16:15:42.026039+00:00", "action_type": "connection", "created": "2022-02-01T16:15:42.217Z", "updated": "2022-02-01T16:15:42.217Z"}}]