[{"model": "auth.permission", "pk": 1, "fields": {"name": "Can add permission", "content_type": 1, "codename": "add_permission"}}, {"model": "auth.permission", "pk": 2, "fields": {"name": "Can change permission", "content_type": 1, "codename": "change_permission"}}, {"model": "auth.permission", "pk": 3, "fields": {"name": "Can delete permission", "content_type": 1, "codename": "delete_permission"}}, {"model": "auth.permission", "pk": 4, "fields": {"name": "Can view permission", "content_type": 1, "codename": "view_permission"}}, {"model": "auth.permission", "pk": 5, "fields": {"name": "Can add group", "content_type": 2, "codename": "add_group"}}, {"model": "auth.permission", "pk": 6, "fields": {"name": "Can change group", "content_type": 2, "codename": "change_group"}}, {"model": "auth.permission", "pk": 7, "fields": {"name": "Can delete group", "content_type": 2, "codename": "delete_group"}}, {"model": "auth.permission", "pk": 8, "fields": {"name": "Can view group", "content_type": 2, "codename": "view_group"}}, {"model": "auth.permission", "pk": 9, "fields": {"name": "Can add user", "content_type": 3, "codename": "add_user"}}, {"model": "auth.permission", "pk": 10, "fields": {"name": "Can change user", "content_type": 3, "codename": "change_user"}}, {"model": "auth.permission", "pk": 11, "fields": {"name": "Can delete user", "content_type": 3, "codename": "delete_user"}}, {"model": "auth.permission", "pk": 12, "fields": {"name": "Can view user", "content_type": 3, "codename": "view_user"}}, {"model": "auth.permission", "pk": 13, "fields": {"name": "Can add content type", "content_type": 4, "codename": "add_contenttype"}}, {"model": "auth.permission", "pk": 14, "fields": {"name": "Can change content type", "content_type": 4, "codename": "change_contenttype"}}, {"model": "auth.permission", "pk": 15, "fields": {"name": "Can delete content type", "content_type": 4, "codename": "delete_contenttype"}}, {"model": "auth.permission", "pk": 16, "fields": {"name": "Can view content type", "content_type": 4, "codename": "view_contenttype"}}, {"model": "auth.permission", "pk": 17, "fields": {"name": "Can add session", "content_type": 5, "codename": "add_session"}}, {"model": "auth.permission", "pk": 18, "fields": {"name": "Can change session", "content_type": 5, "codename": "change_session"}}, {"model": "auth.permission", "pk": 19, "fields": {"name": "Can delete session", "content_type": 5, "codename": "delete_session"}}, {"model": "auth.permission", "pk": 20, "fields": {"name": "Can view session", "content_type": 5, "codename": "view_session"}}, {"model": "auth.permission", "pk": 21, "fields": {"name": "Can add log entry", "content_type": 6, "codename": "add_logentry"}}, {"model": "auth.permission", "pk": 22, "fields": {"name": "Can change log entry", "content_type": 6, "codename": "change_logentry"}}, {"model": "auth.permission", "pk": 23, "fields": {"name": "Can delete log entry", "content_type": 6, "codename": "delete_logentry"}}, {"model": "auth.permission", "pk": 24, "fields": {"name": "Can view log entry", "content_type": 6, "codename": "view_logentry"}}, {"model": "auth.permission", "pk": 25, "fields": {"name": "Can add evangelisation", "content_type": 7, "codename": "add_evangelisation"}}, {"model": "auth.permission", "pk": 26, "fields": {"name": "Can change evangelisation", "content_type": 7, "codename": "change_evangelisation"}}, {"model": "auth.permission", "pk": 27, "fields": {"name": "Can delete evangelisation", "content_type": 7, "codename": "delete_evangelisation"}}, {"model": "auth.permission", "pk": 28, "fields": {"name": "Can view evangelisation", "content_type": 7, "codename": "view_evangelisation"}}, {"model": "auth.permission", "pk": 29, "fields": {"name": "Can add participant", "content_type": 8, "codename": "add_participant"}}, {"model": "auth.permission", "pk": 30, "fields": {"name": "Can change participant", "content_type": 8, "codename": "change_participant"}}, {"model": "auth.permission", "pk": 31, "fields": {"name": "Can delete participant", "content_type": 8, "codename": "delete_participant"}}, {"model": "auth.permission", "pk": 32, "fields": {"name": "Can view participant", "content_type": 8, "codename": "view_participant"}}, {"model": "auth.permission", "pk": 33, "fields": {"name": "Can add Personne \u00e9vang\u00e9lis\u00e9", "content_type": 9, "codename": "add_person"}}, {"model": "auth.permission", "pk": 34, "fields": {"name": "Can change Personne \u00e9vang\u00e9lis\u00e9", "content_type": 9, "codename": "change_person"}}, {"model": "auth.permission", "pk": 35, "fields": {"name": "Can delete Personne \u00e9vang\u00e9lis\u00e9", "content_type": 9, "codename": "delete_person"}}, {"model": "auth.permission", "pk": 36, "fields": {"name": "Can view Personne \u00e9vang\u00e9lis\u00e9", "content_type": 9, "codename": "view_person"}}, {"model": "auth.permission", "pk": 37, "fields": {"name": "Can add suivi", "content_type": 10, "codename": "add_suivi"}}, {"model": "auth.permission", "pk": 38, "fields": {"name": "Can change suivi", "content_type": 10, "codename": "change_suivi"}}, {"model": "auth.permission", "pk": 39, "fields": {"name": "Can delete suivi", "content_type": 10, "codename": "delete_suivi"}}, {"model": "auth.permission", "pk": 40, "fields": {"name": "Can view suivi", "content_type": 10, "codename": "view_suivi"}}, {"model": "auth.permission", "pk": 41, "fields": {"name": "Can add Site d'\u00e9vang\u00e9lisation", "content_type": 11, "codename": "add_site"}}, {"model": "auth.permission", "pk": 42, "fields": {"name": "Can change Site d'\u00e9vang\u00e9lisation", "content_type": 11, "codename": "change_site"}}, {"model": "auth.permission", "pk": 43, "fields": {"name": "Can delete Site d'\u00e9vang\u00e9lisation", "content_type": 11, "codename": "delete_site"}}, {"model": "auth.permission", "pk": 44, "fields": {"name": "Can view Site d'\u00e9vang\u00e9lisation", "content_type": 11, "codename": "view_site"}}, {"model": "auth.permission", "pk": 45, "fields": {"name": "Can add profile", "content_type": 12, "codename": "add_profile"}}, {"model": "auth.permission", "pk": 46, "fields": {"name": "Can change profile", "content_type": 12, "codename": "change_profile"}}, {"model": "auth.permission", "pk": 47, "fields": {"name": "Can delete profile", "content_type": 12, "codename": "delete_profile"}}, {"model": "auth.permission", "pk": 48, "fields": {"name": "Can view profile", "content_type": 12, "codename": "view_profile"}}, {"model": "auth.permission", "pk": 49, "fields": {"name": "Can add image", "content_type": 13, "codename": "add_image"}}, {"model": "auth.permission", "pk": 50, "fields": {"name": "Can change image", "content_type": 13, "codename": "change_image"}}, {"model": "auth.permission", "pk": 51, "fields": {"name": "Can delete image", "content_type": 13, "codename": "delete_image"}}, {"model": "auth.permission", "pk": 52, "fields": {"name": "Can view image", "content_type": 13, "codename": "view_image"}}, {"model": "auth.permission", "pk": 53, "fields": {"name": "Can add history", "content_type": 14, "codename": "add_history"}}, {"model": "auth.permission", "pk": 54, "fields": {"name": "Can change history", "content_type": 14, "codename": "change_history"}}, {"model": "auth.permission", "pk": 55, "fields": {"name": "Can delete history", "content_type": 14, "codename": "delete_history"}}, {"model": "auth.permission", "pk": 56, "fields": {"name": "Can view history", "content_type": 14, "codename": "view_history"}}, {"model": "auth.user", "pk": 6, "fields": {"password": "pbkdf2_sha256$150000$DuuynYSJeVbp$MAJDvr6n4rBt2fm9HvjI8Q5RzE1/g+PHObjV1ivLQnA=", "last_login": "2022-02-01T16:15:42.026Z", "is_superuser": true, "username": "landry", "first_name": "", "last_name": "", "email": "lndronana@gmail.com", "is_staff": true, "is_active": true, "date_joined": "2022-01-23T18:28:56.204Z", "groups": [], "user_permissions": []}}, {"model": "auth.user", "pk": 7, "fields": {"password": "pbkdf2_sha256$150000$DsY4iVZzMRwi$aukOIvEB6vgdvQIcBn7oPt3VtPq8kXE7L8bylIijowQ=", "last_login": "2022-01-31T16:41:31.758Z", "is_superuser": false, "username": "alvine", "first_name": "alvine", "last_name": "", "email": "alvine@yahoo.fr", "is_staff": false, "is_active": true, "date_joined": "2022-01-25T00:58:59.786Z", "groups": [], "user_permissions": []}}, {"model": "auth.user", "pk": 8, "fields": {"password": "pbkdf2_sha256$150000$KU97azgYdvKw$0fIBLceU7GI9zNM1sDvpeIljSlg9uUZsA1LqJEDb/bg=", "last_login": null, "is_superuser": false, "username": "fulbert", "first_name": "papa chekoua", "last_name": "", "email": "fulbert@gmail.com", "is_staff": false, "is_active": true, "date_joined": "2022-01-25T00:59:45.994Z", "groups": [], "user_permissions": []}}, {"model": "auth.user", "pk": 9, "fields": {"password": "pbkdf2_sha256$150000$uPmUypYNgqgr$Ml/pG6YpsvQqHvRrSc2cavBeeLuM10JJ7iS5Rpz9fgQ=", "last_login": null, "is_superuser": false, "username": "joel", "first_name": "joel", "last_name": "", "email": "joel@gmail.com", "is_staff": false, "is_active": true, "date_joined": "2022-01-25T01:00:09.517Z", "groups": [], "user_permissions": []}}, {"model": "auth.user", "pk": 10, "fields": {"password": "pbkdf2_sha256$150000$vd6L8EtxOPEY$ZmmXRaJNOz2xagpe0h52qTNkZ/inHQjVF6UTRUgTvmE=", "last_login": null, "is_superuser": false, "username": "herve", "first_name": "pasteur herv\u00e9", "last_name": "", "email": "herve@yahoo.fr", "is_staff": false, "is_active": true, "date_joined": "2022-01-25T01:00:42.385Z", "groups": [], "user_permissions": []}}, {"model": "auth.user", "pk": 11, "fields": {"password": "pbkdf2_sha256$150000$qW23PwDDseyW$E8mrnbaqU1c1Wi5yj0Qa3KVWW1Snk74gf1P7oP2i/uI=", "last_login": null, "is_superuser": false, "username": "mike", "first_name": "AP mike", "last_name": "", "email": "mike@yahoo.fr", "is_staff": false, "is_active": true, "date_joined": "2022-01-25T01:01:14.685Z", "groups": [], "user_permissions": []}}, {"model": "auth.user", "pk": 12, "fields": {"password": "pbkdf2_sha256$150000$zfSNPQXbn1f2$WjLJsjXtMK43hDeiUnnBNeet5UXTmwt7+Ypkj4Hsh30=", "last_login": null, "is_superuser": false, "username": "emmanuel", "first_name": "AP emmanuel", "last_name": "", "email": "emmanuel@yahoo.fr", "is_staff": false, "is_active": true, "date_joined": "2022-01-25T01:01:52.015Z", "groups": [], "user_permissions": []}}, {"model": "sessions.session", "pk": "42usrd55lu5yjqpc49a5511x2tz6wbe9", "fields": {"session_data": "NTgxMjM5ZjA2ZjNhMmM3YTdlZjg3MTQzYTIzMTAzMGMwOTJkYjQxMTp7Il9hdXRoX3VzZXJfaWQiOiI3IiwiX2F1dGhfdXNlcl9iYWNrZW5kIjoiZGphbmdvLmNvbnRyaWIuYXV0aC5iYWNrZW5kcy5Nb2RlbEJhY2tlbmQiLCJfYXV0aF91c2VyX2hhc2giOiJlYTVlOGMwZjE2MTA0MzQ5MmQwODczNzE2OThiOGY3YmI0ZjQyZjYwIn0=", "expire_date": "2022-02-14T16:41:31.769Z"}}, {"model": "sessions.session", "pk": "7vbw5fvav6jrclwurj3ennuf17ms19e8", "fields": {"session_data": "MjMyYjMwNzkxMzlmYTRmZmIxNzQwM2FkMWJhMTc3NzZhOGI1ZWRiMjp7Il9hdXRoX3VzZXJfaWQiOiI2IiwiX2F1dGhfdXNlcl9iYWNrZW5kIjoiZGphbmdvLmNvbnRyaWIuYXV0aC5iYWNrZW5kcy5Nb2RlbEJhY2tlbmQiLCJfYXV0aF91c2VyX2hhc2giOiI0NDU3YjQ3YzM4YmQ5NWY4YjhhNDcyYzJlMjMyZTcxYmU5NjdmOTFhIn0=", "expire_date": "2022-02-14T17:02:18.699Z"}}, {"model": "sessions.session", "pk": "ndztewfqmuf6rj3iasfsxnvb65y06ydo", "fields": {"session_data": "MjMyYjMwNzkxMzlmYTRmZmIxNzQwM2FkMWJhMTc3NzZhOGI1ZWRiMjp7Il9hdXRoX3VzZXJfaWQiOiI2IiwiX2F1dGhfdXNlcl9iYWNrZW5kIjoiZGphbmdvLmNvbnRyaWIuYXV0aC5iYWNrZW5kcy5Nb2RlbEJhY2tlbmQiLCJfYXV0aF91c2VyX2hhc2giOiI0NDU3YjQ3YzM4YmQ5NWY4YjhhNDcyYzJlMjMyZTcxYmU5NjdmOTFhIn0=", "expire_date": "2022-02-15T16:15:42.418Z"}}, {"model": "sessions.session", "pk": "ovktbwwi3cf3hhs3xlh2ii69pihpsp89", "fields": {"session_data": "MjMyYjMwNzkxMzlmYTRmZmIxNzQwM2FkMWJhMTc3NzZhOGI1ZWRiMjp7Il9hdXRoX3VzZXJfaWQiOiI2IiwiX2F1dGhfdXNlcl9iYWNrZW5kIjoiZGphbmdvLmNvbnRyaWIuYXV0aC5iYWNrZW5kcy5Nb2RlbEJhY2tlbmQiLCJfYXV0aF91c2VyX2hhc2giOiI0NDU3YjQ3YzM4YmQ5NWY4YjhhNDcyYzJlMjMyZTcxYmU5NjdmOTFhIn0=", "expire_date": "2022-02-06T23:12:35.781Z"}}, {"model": "sessions.session", "pk": "z4q5qrff311ze3z20mzfoxh7zu6bdd4t", "fields": {"session_data": "MjMyYjMwNzkxMzlmYTRmZmIxNzQwM2FkMWJhMTc3NzZhOGI1ZWRiMjp7Il9hdXRoX3VzZXJfaWQiOiI2IiwiX2F1dGhfdXNlcl9iYWNrZW5kIjoiZGphbmdvLmNvbnRyaWIuYXV0aC5iYWNrZW5kcy5Nb2RlbEJhY2tlbmQiLCJfYXV0aF91c2VyX2hhc2giOiI0NDU3YjQ3YzM4YmQ5NWY4YjhhNDcyYzJlMjMyZTcxYmU5NjdmOTFhIn0=", "expire_date": "2022-02-07T19:58:02.411Z"}}, {"model": "admin.logentry", "pk": 7, "fields": {"action_time": "2022-01-23T23:12:15.327Z", "user": 6, "content_type": 12, "object_id": "6", "object_repr": "Profile de landry", "action_flag": 1, "change_message": "[{\"added\": {}}]"}}, {"model": "evangelisation.site", "pk": 1, "fields": {"nom_site_evangelisation": "moble omnisport", "description": "", "image": "", "author": null, "created": "2022-01-25T00:45:30.136Z", "updated": "2022-01-25T00:45:30.137Z"}}, {"model": "evangelisation.site", "pk": 2, "fields": {"nom_site_evangelisation": "mvog ada", "description": "", "image": "", "author": null, "created": "2022-01-25T00:45:30.140Z", "updated": "2022-01-25T00:45:30.140Z"}}, {"model": "evangelisation.site", "pk": 3, "fields": {"nom_site_evangelisation": "Total cavo", "description": "", "image": "", "author": null, "created": "2022-01-25T00:45:30.142Z", "updated": "2022-01-25T00:45:30.142Z"}}, {"model": "evangelisation.site", "pk": 4, "fields": {"nom_site_evangelisation": "elig ejoa", "description": "", "image": "", "author": null, "created": "2022-01-25T00:45:30.143Z", "updated": "2022-01-25T00:45:30.143Z"}}, {"model": "evangelisation.participant", "pk": 1, "fields": {"nom_et_prenom": "landry onana", "sexe": "masculin", "author": null, "created": "2022-01-23T22:58:08.407Z", "updated": "2022-01-24T19:59:42.492Z"}}, {"model": "evangelisation.participant", "pk": 3, "fields": {"nom_et_prenom": "jacky", "sexe": "f\u00e9minin", "author": null, "created": "2022-01-25T00:51:01.299Z", "updated": "2022-01-25T00:51:01.299Z"}}, {"model": "evangelisation.participant", "pk": 4, "fields": {"nom_et_prenom": "alvine", "sexe": "f\u00e9minin", "author": null, "created": "2022-01-25T00:51:01.302Z", "updated": "2022-01-25T00:51:01.302Z"}}, {"model": "evangelisation.participant", "pk": 5, "fields": {"nom_et_prenom": "germaine", "sexe": "f\u00e9minin", "author": null, "created": "2022-01-25T00:51:01.304Z", "updated": "2022-01-25T00:51:01.304Z"}}, {"model": "evangelisation.participant", "pk": 6, "fields": {"nom_et_prenom": "noel", "sexe": "masculin", "author": null, "created": "2022-01-25T00:51:01.306Z", "updated": "2022-01-25T00:51:01.306Z"}}, {"model": "evangelisation.participant", "pk": 7, "fields": {"nom_et_prenom": "bertille", "sexe": "f\u00e9minin", "author": null, "created": "2022-01-25T00:51:01.308Z", "updated": "2022-01-25T00:51:01.308Z"}}, {"model": "evangelisation.participant", "pk": 8, "fields": {"nom_et_prenom": "papa ema", "sexe": "masculin", "author": null, "created": "2022-01-25T00:51:01.309Z", "updated": "2022-01-25T00:51:01.309Z"}}, {"model": "evangelisation.participant", "pk": 9, "fields": {"nom_et_prenom": "yvan", "sexe": "masculin", "author": null, "created": "2022-01-25T00:51:01.311Z", "updated": "2022-01-25T00:51:01.311Z"}}, {"model": "evangelisation.participant", "pk": 10, "fields": {"nom_et_prenom": "fr ndzomo", "sexe": "masculin", "author": null, "created": "2022-01-25T00:51:01.313Z", "updated": "2022-01-25T00:51:01.313Z"}}, {"model": "evangelisation.participant", "pk": 11, "fields": {"nom_et_prenom": "suzy", "sexe": "f\u00e9minin", "author": null, "created": "2022-01-25T00:51:01.315Z", "updated": "2022-01-25T00:51:01.315Z"}}, {"model": "evangelisation.participant", "pk": 12, "fields": {"nom_et_prenom": "minette", "sexe": "f\u00e9minin", "author": null, "created": "2022-01-25T00:51:01.316Z", "updated": "2022-01-25T00:51:01.316Z"}}, {"model": "evangelisation.participant", "pk": 13, "fields": {"nom_et_prenom": "gaetan", "sexe": "f\u00e9minin", "author": null, "created": "2022-01-25T00:51:01.318Z", "updated": "2022-01-25T00:51:01.318Z"}}, {"model": "evangelisation.participant", "pk": 14, "fields": {"nom_et_prenom": "rollins", "sexe": "masculin", "author": null, "created": "2022-01-25T00:51:01.320Z", "updated": "2022-01-25T00:51:01.320Z"}}, {"model": "evangelisation.participant", "pk": 15, "fields": {"nom_et_prenom": "nathalie", "sexe": "f\u00e9minin", "author": null, "created": "2022-01-25T00:51:01.322Z", "updated": "2022-01-25T00:51:01.322Z"}}, {"model": "evangelisation.participant", "pk": 16, "fields": {"nom_et_prenom": "ali", "sexe": "masculin", "author": null, "created": "2022-01-25T00:51:01.323Z", "updated": "2022-01-25T00:51:01.323Z"}}, {"model": "evangelisation.participant", "pk": 17, "fields": {"nom_et_prenom": "didier", "sexe": "masculin", "author": null, "created": "2022-01-25T00:51:01.325Z", "updated": "2022-01-25T00:51:01.325Z"}}, {"model": "evangelisation.participant", "pk": 18, "fields": {"nom_et_prenom": "papa chekoua", "sexe": "masculin", "author": null, "created": "2022-01-25T00:51:01.327Z", "updated": "2022-01-25T00:51:01.327Z"}}, {"model": "evangelisation.participant", "pk": 19, "fields": {"nom_et_prenom": "magloire", "sexe": "masculin", "author": null, "created": "2022-01-25T00:51:01.329Z", "updated": "2022-01-25T00:51:01.329Z"}}, {"model": "evangelisation.participant", "pk": 20, "fields": {"nom_et_prenom": "baran", "sexe": "f\u00e9minin", "author": null, "created": "2022-01-25T00:51:01.331Z", "updated": "2022-01-25T00:51:01.331Z"}}, {"model": "evangelisation.participant", "pk": 21, "fields": {"nom_et_prenom": "francine", "sexe": "masculin", "author": null, "created": "2022-01-25T00:51:01.333Z", "updated": "2022-01-25T00:51:01.333Z"}}, {"model": "evangelisation.participant", "pk": 22, "fields": {"nom_et_prenom": "charles", "sexe": "masculin", "author": null, "created": "2022-01-25T00:51:01.334Z", "updated": "2022-01-25T00:51:01.334Z"}}, {"model": "evangelisation.participant", "pk": 23, "fields": {"nom_et_prenom": "joel", "sexe": "masculin", "author": null, "created": "2022-01-25T00:52:27.546Z", "updated": "2022-01-25T00:52:27.546Z"}}, {"model": "evangelisation.participant", "pk": 24, "fields": {"nom_et_prenom": "gricha", "sexe": "masculin", "author": null, "created": "2022-01-25T00:52:27.549Z", "updated": "2022-01-25T00:52:27.549Z"}}, {"model": "evangelisation.participant", "pk": 25, "fields": {"nom_et_prenom": "josias", "sexe": "masculin", "author": null, "created": "2022-01-25T00:52:27.551Z", "updated": "2022-01-25T00:52:27.551Z"}}, {"model": "evangelisation.participant", "pk": 26, "fields": {"nom_et_prenom": "dj\u00e9", "sexe": "masculin", "author": null, "created": "2022-01-25T00:52:27.552Z", "updated": "2022-01-25T00:52:27.552Z"}}, {"model": "evangelisation.participant", "pk": 27, "fields": {"nom_et_prenom": "marceline", "sexe": "f\u00e9minin", "author": null, "created": "2022-01-25T00:52:27.554Z", "updated": "2022-01-25T00:52:27.554Z"}}, {"model": "evangelisation.participant", "pk": 28, "fields": {"nom_et_prenom": "ange", "sexe": "f\u00e9minin", "author": null, "created": "2022-01-25T00:55:38.679Z", "updated": "2022-01-25T00:55:38.679Z"}}, {"model": "evangelisation.participant", "pk": 29, "fields": {"nom_et_prenom": "larissa", "sexe": "f\u00e9minin", "author": null, "created": "2022-01-25T00:55:38.682Z", "updated": "2022-01-25T00:55:38.682Z"}}, {"model": "evangelisation.participant", "pk": 30, "fields": {"nom_et_prenom": "AP mike", "sexe": "masculin", "author": null, "created": "2022-01-25T00:55:38.684Z", "updated": "2022-01-25T00:55:38.684Z"}}, {"model": "evangelisation.participant", "pk": 31, "fields": {"nom_et_prenom": "blanche", "sexe": "f\u00e9minin", "author": null, "created": "2022-01-25T00:55:38.686Z", "updated": "2022-01-25T00:55:38.686Z"}}, {"model": "evangelisation.participant", "pk": 32, "fields": {"nom_et_prenom": "ermine", "sexe": "f\u00e9minin", "author": null, "created": "2022-01-25T00:55:38.688Z", "updated": "2022-01-25T00:55:38.688Z"}}, {"model": "evangelisation.participant", "pk": 33, "fields": {"nom_et_prenom": "maman chantal", "sexe": "f\u00e9minin", "author": null, "created": "2022-01-25T00:55:38.690Z", "updated": "2022-01-25T00:55:38.690Z"}}, {"model": "evangelisation.participant", "pk": 34, "fields": {"nom_et_prenom": "carine", "sexe": "f\u00e9minin", "author": null, "created": "2022-01-25T00:55:38.691Z", "updated": "2022-01-25T00:55:38.691Z"}}, {"model": "evangelisation.participant", "pk": 35, "fields": {"nom_et_prenom": "anne", "sexe": "f\u00e9minin", "author": null, "created": "2022-01-25T00:55:38.693Z", "updated": "2022-01-25T00:55:38.693Z"}}, {"model": "evangelisation.participant", "pk": 36, "fields": {"nom_et_prenom": "janvier", "sexe": "masculin", "author": null, "created": "2022-01-25T00:57:07.741Z", "updated": "2022-01-25T00:57:07.741Z"}}, {"model": "evangelisation.participant", "pk": 37, "fields": {"nom_et_prenom": "farelle", "sexe": "f\u00e9minin", "author": null, "created": "2022-01-25T00:57:07.743Z", "updated": "2022-01-25T00:57:07.743Z"}}, {"model": "evangelisation.participant", "pk": 38, "fields": {"nom_et_prenom": "tatiana", "sexe": "f\u00e9minin", "author": null, "created": "2022-01-25T00:57:07.745Z", "updated": "2022-01-25T00:57:07.745Z"}}, {"model": "evangelisation.participant", "pk": 39, "fields": {"nom_et_prenom": "caroline", "sexe": "f\u00e9minin", "author": null, "created": "2022-01-25T00:57:07.747Z", "updated": "2022-01-25T00:57:07.747Z"}}, {"model": "evangelisation.participant", "pk": 40, "fields": {"nom_et_prenom": "yannick", "sexe": "masculin", "author": null, "created": "2022-01-25T00:58:03.374Z", "updated": "2022-01-25T00:58:03.374Z"}}, {"model": "evangelisation.participant", "pk": 41, "fields": {"nom_et_prenom": "gramby", "sexe": "f\u00e9minin", "author": null, "created": "2022-01-25T00:58:03.376Z", "updated": "2022-01-25T00:58:03.376Z"}}, {"model": "evangelisation.participant", "pk": 45, "fields": {"nom_et_prenom": "pasteur herv\u00e9", "sexe": "", "author": 6, "created": "2022-01-25T01:00:42.519Z", "updated": "2022-01-25T01:00:42.519Z"}}, {"model": "evangelisation.participant", "pk": 47, "fields": {"nom_et_prenom": "AP emmanuel", "sexe": "", "author": 6, "created": "2022-01-25T01:01:52.197Z", "updated": "2022-01-25T01:01:52.197Z"}}, {"model": "evangelisation.participant", "pk": 48, "fields": {"nom_et_prenom": "ornella", "sexe": "f\u00e9minin", "author": null, "created": "2022-01-25T01:38:17.817Z", "updated": "2022-01-25T01:38:17.817Z"}}, {"model": "evangelisation.participant", "pk": 49, "fields": {"nom_et_prenom": "laetitia", "sexe": "f\u00e9minin", "author": null, "created": "2022-01-25T01:38:17.820Z", "updated": "2022-01-25T01:38:17.820Z"}}, {"model": "evangelisation.participant", "pk": 50, "fields": {"nom_et_prenom": "grace", "sexe": "f\u00e9minin", "author": null, "created": "2022-01-25T02:15:06.665Z", "updated": "2022-01-25T02:15:06.665Z"}}, {"model": "evangelisation.evangelisation", "pk": 2, "fields": {"day": "2021-08-07", "heure_de_debut": "01:02:00", "heure_de_fin": "01:02:00", "site": 1, "author": null, "observation": "", "boss": [18]}}, {"model": "evangelisation.evangelisation", "pk": 3, "fields": {"day": "2021-09-15", "heure_de_debut": "01:02:00", "heure_de_fin": "01:02:00", "site": 3, "author": null, "observation": "", "boss": []}}, {"model": "evangelisation.evangelisation", "pk": 4, "fields": {"day": "2021-12-04", "heure_de_debut": "01:02:00", "heure_de_fin": "01:02:00", "site": 3, "author": null, "observation": "", "boss": []}}, {"model": "evangelisation.evangelisation", "pk": 5, "fields": {"day": "2021-09-17", "heure_de_debut": "01:07:00", "heure_de_fin": "01:07:00", "site": 2, "author": null, "observation": "", "boss": []}}, {"model": "evangelisation.evangelisation", "pk": 7, "fields": {"day": "2021-10-16", "heure_de_debut": "15:35:00", "heure_de_fin": "17:05:00", "site": 3, "author": null, "observation": "", "boss": []}}, {"model": "evangelisation.evangelisation", "pk": 8, "fields": {"day": "2021-10-23", "heure_de_debut": "01:09:00", "heure_de_fin": "01:09:00", "site": 3, "author": null, "observation": "", "boss": []}}, {"model": "evangelisation.evangelisation", "pk": 9, "fields": {"day": "2021-11-20", "heure_de_debut": "01:09:00", "heure_de_fin": "01:09:00", "site": 3, "author": null, "observation": "", "boss": []}}, {"model": "evangelisation.evangelisation", "pk": 10, "fields": {"day": "2021-11-13", "heure_de_debut": "01:14:00", "heure_de_fin": "01:14:00", "site": 3, "author": null, "observation": "", "boss": []}}, {"model": "evangelisation.evangelisation", "pk": 11, "fields": {"day": "2021-11-06", "heure_de_debut": "01:15:00", "heure_de_fin": "01:15:00", "site": 3, "author": null, "observation": "", "boss": []}}, {"model": "evangelisation.evangelisation", "pk": 12, "fields": {"day": "2021-06-12", "heure_de_debut": "16:00:00", "heure_de_fin": "17:30:00", "site": 1, "author": null, "observation": "", "boss": []}}, {"model": "evangelisation.evangelisation", "pk": 13, "fields": {"day": "2021-06-18", "heure_de_debut": "19:00:00", "heure_de_fin": "20:00:00", "site": 1, "author": null, "observation": "", "boss": []}}, {"model": "evangelisation.evangelisation", "pk": 14, "fields": {"day": "2021-07-24", "heure_de_debut": "01:16:00", "heure_de_fin": "01:16:00", "site": 1, "author": null, "observation": "", "boss": []}}, {"model": "evangelisation.evangelisation", "pk": 15, "fields": {"day": "2021-03-20", "heure_de_debut": "15:45:00", "heure_de_fin": "16:46:00", "site": 1, "author": null, "observation": "", "boss": []}}, {"model": "evangelisation.evangelisation", "pk": 16, "fields": {"day": "2021-03-27", "heure_de_debut": "15:45:00", "heure_de_fin": "17:45:00", "site": 1, "author": null, "observation": "", "boss": []}}, {"model": "evangelisation.evangelisation", "pk": 17, "fields": {"day": "2021-05-08", "heure_de_debut": "16:20:00", "heure_de_fin": "17:30:00", "site": 1, "author": null, "observation": "", "boss": []}}, {"model": "evangelisation.evangelisation", "pk": 18, "fields": {"day": "2021-04-17", "heure_de_debut": "16:22:00", "heure_de_fin": "17:22:00", "site": 1, "author": null, "observation": "", "boss": []}}, {"model": "evangelisation.evangelisation", "pk": 19, "fields": {"day": "2021-05-15", "heure_de_debut": "15:50:00", "heure_de_fin": "17:55:00", "site": 1, "author": null, "observation": "", "boss": []}}, {"model": "evangelisation.evangelisation", "pk": 20, "fields": {"day": "2021-12-05", "heure_de_debut": "17:20:00", "heure_de_fin": "18:25:00", "site": 4, "author": null, "observation": "", "boss": []}}, {"model": "evangelisation.evangelisation", "pk": 21, "fields": {"day": "2021-07-10", "heure_de_debut": "16:00:00", "heure_de_fin": "18:00:00", "site": 1, "author": null, "observation": "", "boss": []}}, {"model": "evangelisation.evangelisation", "pk": 22, "fields": {"day": "2021-07-31", "heure_de_debut": "16:30:00", "heure_de_fin": "18:30:00", "site": 1, "author": null, "observation": "", "boss": []}}, {"model": "evangelisation.evangelisation", "pk": 23, "fields": {"day": "2021-05-29", "heure_de_debut": "16:20:00", "heure_de_fin": "17:29:00", "site": 1, "author": null, "observation": "", "boss": []}}, {"model": "evangelisation.evangelisation", "pk": 24, "fields": {"day": "2021-11-04", "heure_de_debut": "16:00:00", "heure_de_fin": "17:10:00", "site": 1, "author": null, "observation": "", "boss": []}}, {"model": "evangelisation.evangelisation", "pk": 25, "fields": {"day": "2022-01-22", "heure_de_debut": "16:35:00", "heure_de_fin": "17:35:00", "site": 3, "author": null, "observation": "", "boss": [4, 5, 8, 12, 17, 18, 20, 21, 23, 30, 33, 48, 49, 50]}}, {"model": "evangelisation.person", "pk": 3, "fields": {"author": null, "evangelisation": 25, "date": "2022-01-25", "nom_et_prenom": "raissa beyala", "contacts": 696755190, "quartier_d_habitation": "Total cavo", "accepte_jesus": "non", "sexe": "f\u00e9minin", "whatsapp": null, "sujets_de_priere": "", "temoignages": "", "created": "2022-01-25T02:04:31.855Z", "updated": "2022-01-25T02:04:31.855Z", "boss": [30, 49]}}, {"model": "evangelisation.person", "pk": 4, "fields": {"author": null, "evangelisation": 25, "date": "2022-01-25", "nom_et_prenom": "fabrice yimi", "contacts": 683236810, "quartier_d_habitation": "Total cavo", "accepte_jesus": "oui", "sexe": "masculin", "whatsapp": null, "sujets_de_priere": "", "temoignages": "", "created": "2022-01-25T02:04:31.866Z", "updated": "2022-01-25T02:04:31.866Z", "boss": [30, 49]}}, {"model": "evangelisation.person", "pk": 5, "fields": {"author": null, "evangelisation": 25, "date": "2022-01-25", "nom_et_prenom": "ernest", "contacts": 697566223, "quartier_d_habitation": "Total cavo", "accepte_jesus": "non", "sexe": "masculin", "whatsapp": null, "sujets_de_priere": "", "temoignages": "", "created": "2022-01-25T02:04:31.870Z", "updated": "2022-01-25T02:04:31.870Z", "boss": [30, 49]}}, {"model": "evangelisation.person", "pk": 6, "fields": {"author": null, "evangelisation": 25, "date": "2022-01-25", "nom_et_prenom": "anne mary", "contacts": 696197612, "quartier_d_habitation": "mvog ada", "accepte_jesus": "oui", "sexe": "f\u00e9minin", "whatsapp": null, "sujets_de_priere": "", "temoignages": "", "created": "2022-01-25T02:04:31.875Z", "updated": "2022-01-25T02:04:31.875Z", "boss": [12, 17]}}, {"model": "evangelisation.person", "pk": 7, "fields": {"author": null, "evangelisation": 25, "date": "2022-01-25", "nom_et_prenom": "geraldine", "contacts": 693615434, "quartier_d_habitation": "mvog ada", "accepte_jesus": "oui", "sexe": "f\u00e9minin", "whatsapp": null, "sujets_de_priere": "", "temoignages": "", "created": "2022-01-25T02:04:31.879Z", "updated": "2022-01-25T02:04:31.879Z", "boss": [17]}}, {"model": "evangelisation.person", "pk": 8, "fields": {"author": null, "evangelisation": 25, "date": "2022-01-25", "nom_et_prenom": "marie", "contacts": null, "quartier_d_habitation": "---", "accepte_jesus": "oui", "sexe": "f\u00e9minin", "whatsapp": null, "sujets_de_priere": "", "temoignages": "", "created": "2022-01-25T02:04:31.884Z", "updated": "2022-01-25T02:04:31.884Z", "boss": [12, 17]}}, {"model": "evangelisation.person", "pk": 9, "fields": {"author": null, "evangelisation": 25, "date": "2022-01-25", "nom_et_prenom": "steve", "contacts": null, "quartier_d_habitation": "mvog ada", "accepte_jesus": "oui", "sexe": "masculin", "whatsapp": null, "sujets_de_priere": "", "temoignages": "", "created": "2022-01-25T02:04:31.888Z", "updated": "2022-01-25T02:04:31.888Z", "boss": [12, 17]}}, {"model": "evangelisation.person", "pk": 10, "fields": {"author": null, "evangelisation": 25, "date": "2022-01-25", "nom_et_prenom": "joli", "contacts": null, "quartier_d_habitation": "mvog ada", "accepte_jesus": "non", "sexe": "f\u00e9minin", "whatsapp": null, "sujets_de_priere": "", "temoignages": "", "created": "2022-01-25T02:04:31.892Z", "updated": "2022-01-25T02:04:31.892Z", "boss": [18]}}, {"model": "evangelisation.person", "pk": 11, "fields": {"author": null, "evangelisation": 25, "date": "2022-01-25", "nom_et_prenom": "marceline", "contacts": 671083931, "quartier_d_habitation": "mvog ada", "accepte_jesus": "oui", "sexe": "f\u00e9minin", "whatsapp": null, "sujets_de_priere": "", "temoignages": "", "created": "2022-01-25T02:04:31.896Z", "updated": "2022-01-25T02:04:31.896Z", "boss": [18]}}, {"model": "evangelisation.person", "pk": 12, "fields": {"author": null, "evangelisation": 25, "date": "2022-01-25", "nom_et_prenom": "maman mendouga", "contacts": null, "quartier_d_habitation": "mvog ada", "accepte_jesus": "oui", "sexe": "f\u00e9minin", "whatsapp": null, "sujets_de_priere": "", "temoignages": "", "created": "2022-01-25T02:04:31.900Z", "updated": "2022-01-25T02:04:31.900Z", "boss": [18]}}, {"model": "evangelisation.person", "pk": 13, "fields": {"author": null, "evangelisation": 25, "date": "2022-01-25", "nom_et_prenom": "bruno", "contacts": 675928089, "quartier_d_habitation": "mvog ada", "accepte_jesus": "ras", "sexe": "masculin", "whatsapp": null, "sujets_de_priere": "", "temoignages": "", "created": "2022-01-25T02:04:31.904Z", "updated": "2022-01-25T02:04:31.904Z", "boss": [18]}}, {"model": "evangelisation.person", "pk": 14, "fields": {"author": null, "evangelisation": 25, "date": "2022-01-25", "nom_et_prenom": "Aicha", "contacts": 698065886, "quartier_d_habitation": "mvog ada", "accepte_jesus": "oui", "sexe": "f\u00e9minin", "whatsapp": null, "sujets_de_priere": "", "temoignages": "", "created": "2022-01-25T02:04:31.909Z", "updated": "2022-01-25T02:04:31.909Z", "boss": [18]}}, {"model": "evangelisation.person", "pk": 15, "fields": {"author": null, "evangelisation": 25, "date": "2022-01-25", "nom_et_prenom": "jean jules", "contacts": 656139086, "quartier_d_habitation": "mvog ada", "accepte_jesus": "oui", "sexe": "masculin", "whatsapp": null, "sujets_de_priere": "", "temoignages": "", "created": "2022-01-25T02:04:31.913Z", "updated": "2022-01-25T02:04:31.913Z", "boss": [18]}}, {"model": "evangelisation.person", "pk": 16, "fields": {"author": null, "evangelisation": 25, "date": "2022-01-25", "nom_et_prenom": "muril", "contacts": 670027536, "quartier_d_habitation": "mvog ada", "accepte_jesus": "oui", "sexe": "f\u00e9minin", "whatsapp": null, "sujets_de_priere": "", "temoignages": "", "created": "2022-01-25T02:04:31.917Z", "updated": "2022-01-25T02:04:31.917Z", "boss": [18]}}, {"model": "evangelisation.person", "pk": 17, "fields": {"author": null, "evangelisation": 25, "date": "2022-01-25", "nom_et_prenom": "Ntamack nicolas", "contacts": 691290067, "quartier_d_habitation": "carossel", "accepte_jesus": "ras", "sexe": "masculin", "whatsapp": null, "sujets_de_priere": "A suivre", "temoignages": "", "created": "2022-01-25T02:04:31.922Z", "updated": "2022-01-25T02:04:31.922Z", "boss": [23, 30, 33]}}, {"model": "evangelisation.person", "pk": 18, "fields": {"author": null, "evangelisation": 25, "date": "2022-01-25", "nom_et_prenom": "emmanuel", "contacts": null, "quartier_d_habitation": "Total cavo", "accepte_jesus": "oui", "sexe": "masculin", "whatsapp": null, "sujets_de_priere": "", "temoignages": "", "created": "2022-01-25T02:04:31.927Z", "updated": "2022-01-25T02:04:31.927Z", "boss": []}}, {"model": "evangelisation.person", "pk": 19, "fields": {"author": null, "evangelisation": 25, "date": "2022-01-25", "nom_et_prenom": "joseph", "contacts": null, "quartier_d_habitation": "Total cavo", "accepte_jesus": "oui", "sexe": "masculin", "whatsapp": null, "sujets_de_priere": "", "temoignages": "", "created": "2022-01-25T02:04:31.931Z", "updated": "2022-01-25T02:04:31.931Z", "boss": []}}, {"model": "evangelisation.person", "pk": 20, "fields": {"author": null, "evangelisation": 25, "date": "2022-01-25", "nom_et_prenom": "jean", "contacts": 694763319, "quartier_d_habitation": "Total cavo", "accepte_jesus": "oui", "sexe": "masculin", "whatsapp": null, "sujets_de_priere": "", "temoignages": "", "created": "2022-01-25T02:04:31.935Z", "updated": "2022-01-25T02:04:31.935Z", "boss": []}}, {"model": "evangelisation.person", "pk": 21, "fields": {"author": null, "evangelisation": 25, "date": "2022-01-25", "nom_et_prenom": "risco", "contacts": null, "quartier_d_habitation": "Total cavo", "accepte_jesus": "oui", "sexe": "masculin", "whatsapp": null, "sujets_de_priere": "", "temoignages": "", "created": "2022-01-25T02:04:31.939Z", "updated": "2022-01-25T02:04:31.939Z", "boss": []}}, {"model": "evangelisation.person", "pk": 22, "fields": {"author": null, "evangelisation": 25, "date": "2022-01-25", "nom_et_prenom": "diego", "contacts": 651571336, "quartier_d_habitation": "mimbomann", "accepte_jesus": "ras", "sexe": "masculin", "whatsapp": null, "sujets_de_priere": "", "temoignages": "", "created": "2022-01-25T02:04:31.944Z", "updated": "2022-01-25T02:04:31.944Z", "boss": [4, 8, 20, 21, 48]}}, {"model": "evangelisation.person", "pk": 23, "fields": {"author": null, "evangelisation": 25, "date": "2022-01-25", "nom_et_prenom": "thierry", "contacts": 656416171, "quartier_d_habitation": "anguissa", "accepte_jesus": "d\u00e9j\u00e0", "sexe": "masculin", "whatsapp": null, "sujets_de_priere": "", "temoignages": "", "created": "2022-01-25T02:10:04.500Z", "updated": "2022-01-25T02:10:04.500Z", "boss": [4, 8, 20, 21, 48]}}, {"model": "evangelisation.person", "pk": 24, "fields": {"author": null, "evangelisation": 25, "date": "2022-01-25", "nom_et_prenom": "sorelle", "contacts": null, "quartier_d_habitation": "---", "accepte_jesus": "non", "sexe": "f\u00e9minin", "whatsapp": null, "sujets_de_priere": "", "temoignages": "", "created": "2022-01-25T02:10:04.506Z", "updated": "2022-01-25T02:10:04.506Z", "boss": []}}, {"model": "evangelisation.person", "pk": 25, "fields": {"author": null, "evangelisation": 25, "date": "2022-01-25", "nom_et_prenom": "mr germain", "contacts": null, "quartier_d_habitation": "---", "accepte_jesus": "ras", "sexe": "masculin", "whatsapp": null, "sujets_de_priere": "", "temoignages": "", "created": "2022-01-25T02:10:04.510Z", "updated": "2022-01-25T02:10:04.510Z", "boss": []}}, {"model": "evangelisation.person", "pk": 26, "fields": {"author": null, "evangelisation": 25, "date": "2022-01-25", "nom_et_prenom": "cyril tasse", "contacts": 651183576, "quartier_d_habitation": "---", "accepte_jesus": "non", "sexe": "masculin", "whatsapp": null, "sujets_de_priere": "", "temoignages": "", "created": "2022-01-25T02:10:04.514Z", "updated": "2022-01-25T02:10:04.514Z", "boss": [4, 8, 20, 21, 48]}}, {"model": "evangelisation.person", "pk": 27, "fields": {"author": null, "evangelisation": 25, "date": "2022-01-25", "nom_et_prenom": "nicolas", "contacts": 653534002, "quartier_d_habitation": "---", "accepte_jesus": "ras", "sexe": "masculin", "whatsapp": null, "sujets_de_priere": "", "temoignages": "", "created": "2022-01-25T02:10:04.517Z", "updated": "2022-01-25T02:10:04.517Z", "boss": [4, 8, 20, 21, 48]}}, {"model": "evangelisation.suivi", "pk": 3, "fields": {"person": 3, "nbre_appel": 0, "nbre_visite_au_culte": 0, "nbre_invitation_au_culte": 0, "nbre_presence_total_au_culte": 0, "choix_person": "0", "boos_suivi": "", "author": null, "sujets_de_priere_suivi": null, "temoignages_suivi": null, "observation_suivi": null}}, {"model": "evangelisation.suivi", "pk": 4, "fields": {"person": 4, "nbre_appel": 0, "nbre_visite_au_culte": 0, "nbre_invitation_au_culte": 0, "nbre_presence_total_au_culte": 0, "choix_person": "0", "boos_suivi": "", "author": null, "sujets_de_priere_suivi": null, "temoignages_suivi": null, "observation_suivi": null}}, {"model": "evangelisation.suivi", "pk": 5, "fields": {"person": 5, "nbre_appel": 0, "nbre_visite_au_culte": 0, "nbre_invitation_au_culte": 0, "nbre_presence_total_au_culte": 0, "choix_person": "0", "boos_suivi": "", "author": null, "sujets_de_priere_suivi": null, "temoignages_suivi": null, "observation_suivi": null}}, {"model": "evangelisation.suivi", "pk": 6, "fields": {"person": 6, "nbre_appel": 0, "nbre_visite_au_culte": 0, "nbre_invitation_au_culte": 0, "nbre_presence_total_au_culte": 0, "choix_person": "0", "boos_suivi": "", "author": null, "sujets_de_priere_suivi": null, "temoignages_suivi": null, "observation_suivi": null}}, {"model": "evangelisation.suivi", "pk": 7, "fields": {"person": 7, "nbre_appel": 0, "nbre_visite_au_culte": 0, "nbre_invitation_au_culte": 0, "nbre_presence_total_au_culte": 0, "choix_person": "0", "boos_suivi": "", "author": null, "sujets_de_priere_suivi": null, "temoignages_suivi": null, "observation_suivi": null}}, {"model": "evangelisation.suivi", "pk": 8, "fields": {"person": 8, "nbre_appel": 0, "nbre_visite_au_culte": 0, "nbre_invitation_au_culte": 0, "nbre_presence_total_au_culte": 0, "choix_person": "0", "boos_suivi": "", "author": null, "sujets_de_priere_suivi": null, "temoignages_suivi": null, "observation_suivi": null}}, {"model": "evangelisation.suivi", "pk": 9, "fields": {"person": 9, "nbre_appel": 0, "nbre_visite_au_culte": 0, "nbre_invitation_au_culte": 0, "nbre_presence_total_au_culte": 0, "choix_person": "0", "boos_suivi": "", "author": null, "sujets_de_priere_suivi": null, "temoignages_suivi": null, "observation_suivi": null}}, {"model": "evangelisation.suivi", "pk": 10, "fields": {"person": 10, "nbre_appel": 0, "nbre_visite_au_culte": 0, "nbre_invitation_au_culte": 0, "nbre_presence_total_au_culte": 0, "choix_person": "0", "boos_suivi": "", "author": null, "sujets_de_priere_suivi": null, "temoignages_suivi": null, "observation_suivi": null}}, {"model": "evangelisation.suivi", "pk": 11, "fields": {"person": 11, "nbre_appel": 0, "nbre_visite_au_culte": 0, "nbre_invitation_au_culte": 0, "nbre_presence_total_au_culte": 0, "choix_person": "0", "boos_suivi": "", "author": null, "sujets_de_priere_suivi": null, "temoignages_suivi": null, "observation_suivi": null}}, {"model": "evangelisation.suivi", "pk": 12, "fields": {"person": 12, "nbre_appel": 0, "nbre_visite_au_culte": 0, "nbre_invitation_au_culte": 0, "nbre_presence_total_au_culte": 0, "choix_person": "0", "boos_suivi": "", "author": null, "sujets_de_priere_suivi": null, "temoignages_suivi": null, "observation_suivi": null}}, {"model": "evangelisation.suivi", "pk": 13, "fields": {"person": 13, "nbre_appel": 0, "nbre_visite_au_culte": 0, "nbre_invitation_au_culte": 0, "nbre_presence_total_au_culte": 0, "choix_person": "0", "boos_suivi": "", "author": null, "sujets_de_priere_suivi": null, "temoignages_suivi": null, "observation_suivi": null}}, {"model": "evangelisation.suivi", "pk": 14, "fields": {"person": 14, "nbre_appel": 0, "nbre_visite_au_culte": 0, "nbre_invitation_au_culte": 0, "nbre_presence_total_au_culte": 0, "choix_person": "0", "boos_suivi": "", "author": null, "sujets_de_priere_suivi": null, "temoignages_suivi": null, "observation_suivi": null}}, {"model": "evangelisation.suivi", "pk": 15, "fields": {"person": 15, "nbre_appel": 0, "nbre_visite_au_culte": 0, "nbre_invitation_au_culte": 0, "nbre_presence_total_au_culte": 0, "choix_person": "0", "boos_suivi": "", "author": null, "sujets_de_priere_suivi": null, "temoignages_suivi": null, "observation_suivi": null}}, {"model": "evangelisation.suivi", "pk": 16, "fields": {"person": 16, "nbre_appel": 0, "nbre_visite_au_culte": 0, "nbre_invitation_au_culte": 0, "nbre_presence_total_au_culte": 0, "choix_person": "0", "boos_suivi": "", "author": null, "sujets_de_priere_suivi": null, "temoignages_suivi": null, "observation_suivi": null}}, {"model": "evangelisation.suivi", "pk": 17, "fields": {"person": 17, "nbre_appel": 0, "nbre_visite_au_culte": 0, "nbre_invitation_au_culte": 0, "nbre_presence_total_au_culte": 0, "choix_person": "0", "boos_suivi": "", "author": null, "sujets_de_priere_suivi": null, "temoignages_suivi": null, "observation_suivi": null}}, {"model": "evangelisation.suivi", "pk": 18, "fields": {"person": 18, "nbre_appel": 0, "nbre_visite_au_culte": 0, "nbre_invitation_au_culte": 0, "nbre_presence_total_au_culte": 0, "choix_person": "0", "boos_suivi": "", "author": null, "sujets_de_priere_suivi": null, "temoignages_suivi": null, "observation_suivi": null}}, {"model": "evangelisation.suivi", "pk": 19, "fields": {"person": 19, "nbre_appel": 0, "nbre_visite_au_culte": 0, "nbre_invitation_au_culte": 0, "nbre_presence_total_au_culte": 0, "choix_person": "0", "boos_suivi": "", "author": null, "sujets_de_priere_suivi": null, "temoignages_suivi": null, "observation_suivi": null}}, {"model": "evangelisation.suivi", "pk": 20, "fields": {"person": 20, "nbre_appel": 0, "nbre_visite_au_culte": 0, "nbre_invitation_au_culte": 0, "nbre_presence_total_au_culte": 0, "choix_person": "0", "boos_suivi": "", "author": null, "sujets_de_priere_suivi": null, "temoignages_suivi": null, "observation_suivi": null}}, {"model": "evangelisation.suivi", "pk": 21, "fields": {"person": 21, "nbre_appel": 0, "nbre_visite_au_culte": 0, "nbre_invitation_au_culte": 0, "nbre_presence_total_au_culte": 0, "choix_person": "0", "boos_suivi": "", "author": null, "sujets_de_priere_suivi": null, "temoignages_suivi": null, "observation_suivi": null}}, {"model": "evangelisation.suivi", "pk": 22, "fields": {"person": 22, "nbre_appel": 0, "nbre_visite_au_culte": 0, "nbre_invitation_au_culte": 0, "nbre_presence_total_au_culte": 0, "choix_person": "0", "boos_suivi": "", "author": null, "sujets_de_priere_suivi": null, "temoignages_suivi": null, "observation_suivi": null}}, {"model": "evangelisation.suivi", "pk": 23, "fields": {"person": 23, "nbre_appel": 0, "nbre_visite_au_culte": 0, "nbre_invitation_au_culte": 0, "nbre_presence_total_au_culte": 0, "choix_person": "0", "boos_suivi": "", "author": null, "sujets_de_priere_suivi": null, "temoignages_suivi": null, "observation_suivi": null}}, {"model": "evangelisation.suivi", "pk": 24, "fields": {"person": 24, "nbre_appel": 0, "nbre_visite_au_culte": 0, "nbre_invitation_au_culte": 0, "nbre_presence_total_au_culte": 0, "choix_person": "0", "boos_suivi": "", "author": null, "sujets_de_priere_suivi": null, "temoignages_suivi": null, "observation_suivi": null}}, {"model": "evangelisation.suivi", "pk": 25, "fields": {"person": 25, "nbre_appel": 0, "nbre_visite_au_culte": 0, "nbre_invitation_au_culte": 0, "nbre_presence_total_au_culte": 0, "choix_person": "0", "boos_suivi": "", "author": null, "sujets_de_priere_suivi": null, "temoignages_suivi": null, "observation_suivi": null}}, {"model": "evangelisation.suivi", "pk": 26, "fields": {"person": 26, "nbre_appel": 0, "nbre_visite_au_culte": 0, "nbre_invitation_au_culte": 0, "nbre_presence_total_au_culte": 0, "choix_person": "0", "boos_suivi": "", "author": null, "sujets_de_priere_suivi": null, "temoignages_suivi": null, "observation_suivi": null}}, {"model": "evangelisation.suivi", "pk": 27, "fields": {"person": 27, "nbre_appel": 0, "nbre_visite_au_culte": 0, "nbre_invitation_au_culte": 0, "nbre_presence_total_au_culte": 0, "choix_person": "0", "boos_suivi": "", "author": null, "sujets_de_priere_suivi": null, "temoignages_suivi": null, "observation_suivi": null}}, {"model": "evangelisation.profile", "pk": 6, "fields": {"user": 6, "image": "", "phone": 699806665, "sexe": "masculin", "created": "2022-01-23T23:12:15.325Z", "updated": "2022-01-23T23:12:15.325Z"}}, {"model": "evangelisation.profile", "pk": 7, "fields": {"user": 7, "image": "", "phone": null, "sexe": "", "created": "2022-01-25T00:58:59.903Z", "updated": "2022-01-25T00:58:59.903Z"}}, {"model": "evangelisation.profile", "pk": 8, "fields": {"user": 8, "image": "", "phone": null, "sexe": "", "created": "2022-01-25T00:59:46.108Z", "updated": "2022-01-25T00:59:46.108Z"}}, {"model": "evangelisation.profile", "pk": 9, "fields": {"user": 9, "image": "", "phone": null, "sexe": "", "created": "2022-01-25T01:00:09.637Z", "updated": "2022-01-25T01:00:09.637Z"}}, {"model": "evangelisation.profile", "pk": 10, "fields": {"user": 10, "image": "", "phone": null, "sexe": "", "created": "2022-01-25T01:00:42.515Z", "updated": "2022-01-25T01:00:42.515Z"}}, {"model": "evangelisation.profile", "pk": 11, "fields": {"user": 11, "image": "", "phone": null, "sexe": "", "created": "2022-01-25T01:01:14.812Z", "updated": "2022-01-25T01:01:14.812Z"}}, {"model": "evangelisation.profile", "pk": 12, "fields": {"user": 12, "image": "", "phone": null, "sexe": "", "created": "2022-01-25T01:01:52.193Z", "updated": "2022-01-25T01:01:52.193Z"}}, {"model": "history.history", "pk": 1, "fields": {"user": null, "content_object": "landry c'est connect\u00e9 le 2022-01-23 22:50:47.527532+00:00", "action_type": "connection", "created": "2022-01-23T22:50:47.530Z", "updated": "2022-01-23T22:50:47.530Z"}}, {"model": "history.history", "pk": 2, "fields": {"user": null, "content_object": "landry c'est connect\u00e9 le 2022-01-23 22:55:52.918503+00:00", "action_type": "connection", "created": "2022-01-23T22:55:52.921Z", "updated": "2022-01-23T22:55:52.921Z"}}, {"model": "history.history", "pk": 3, "fields": {"user": null, "content_object": "COMPTE:::Utilisateur: landry2022", "action_type": "ajout de", "created": "2022-01-23T22:58:08.400Z", "updated": "2022-01-23T22:58:08.400Z"}}, {"model": "history.history", "pk": 4, "fields": {"user": null, "content_object": "COMPTE:::Utilisateur:: profile a: landry2022", "action_type": "ajout de", "created": "2022-01-23T22:58:08.405Z", "updated": "2022-01-23T22:58:08.405Z"}}, {"model": "history.history", "pk": 5, "fields": {"user": null, "content_object": "Participant:: landry onana", "action_type": "ajout de", "created": "2022-01-23T22:58:08.410Z", "updated": "2022-01-23T22:58:08.410Z"}}, {"model": "history.history", "pk": 6, "fields": {"user": null, "content_object": "landry2022 c'est connect\u00e9 le 2022-01-23 22:58:46.701775+00:00", "action_type": "connection", "created": "2022-01-23T22:58:46.704Z", "updated": "2022-01-23T22:58:46.704Z"}}, {"model": "history.history", "pk": 7, "fields": {"user": null, "content_object": "COMPTE:::Utilisateur: landry", "action_type": "ajout de", "created": "2022-01-23T23:08:24.315Z", "updated": "2022-01-23T23:08:24.315Z"}}, {"model": "history.history", "pk": 8, "fields": {"user": null, "content_object": "COMPTE:::Utilisateur:: profile a: landry", "action_type": "ajout de", "created": "2022-01-23T23:08:24.323Z", "updated": "2022-01-23T23:08:24.323Z"}}, {"model": "history.history", "pk": 9, "fields": {"user": 6, "content_object": "landry c'est connect\u00e9 le 2022-01-23 23:12:35.776760+00:00", "action_type": "connection", "created": "2022-01-23T23:12:35.779Z", "updated": "2022-01-23T23:12:35.779Z"}}, {"model": "history.history", "pk": 10, "fields": {"user": 6, "content_object": "landry c'est connect\u00e9 le 2022-01-24 19:58:02.387886+00:00", "action_type": "connection", "created": "2022-01-24T19:58:02.392Z", "updated": "2022-01-24T19:58:02.392Z"}}, {"model": "history.history", "pk": 11, "fields": {"user": 6, "content_object": "COMPTE:::Utilisateur: alvine", "action_type": "ajout de", "created": "2022-01-25T00:58:59.900Z", "updated": "2022-01-25T00:58:59.900Z"}}, {"model": "history.history", "pk": 12, "fields": {"user": 6, "content_object": "COMPTE:::Utilisateur:: profile a: alvine", "action_type": "ajout de", "created": "2022-01-25T00:58:59.906Z", "updated": "2022-01-25T00:58:59.906Z"}}, {"model": "history.history", "pk": 13, "fields": {"user": 6, "content_object": "COMPTE:::Utilisateur: fulbert", "action_type": "ajout de", "created": "2022-01-25T00:59:46.105Z", "updated": "2022-01-25T00:59:46.105Z"}}, {"model": "history.history", "pk": 14, "fields": {"user": 6, "content_object": "COMPTE:::Utilisateur:: profile a: fulbert", "action_type": "ajout de", "created": "2022-01-25T00:59:46.110Z", "updated": "2022-01-25T00:59:46.110Z"}}, {"model": "history.history", "pk": 15, "fields": {"user": 6, "content_object": "COMPTE:::Utilisateur: joel", "action_type": "ajout de", "created": "2022-01-25T01:00:09.634Z", "updated": "2022-01-25T01:00:09.634Z"}}, {"model": "history.history", "pk": 16, "fields": {"user": 6, "content_object": "COMPTE:::Utilisateur:: profile a: joel", "action_type": "ajout de", "created": "2022-01-25T01:00:09.639Z", "updated": "2022-01-25T01:00:09.639Z"}}, {"model": "history.history", "pk": 17, "fields": {"user": 6, "content_object": "COMPTE:::Utilisateur: herve", "action_type": "ajout de", "created": "2022-01-25T01:00:42.513Z", "updated": "2022-01-25T01:00:42.513Z"}}, {"model": "history.history", "pk": 18, "fields": {"user": 6, "content_object": "COMPTE:::Utilisateur:: profile a: herve", "action_type": "ajout de", "created": "2022-01-25T01:00:42.517Z", "updated": "2022-01-25T01:00:42.517Z"}}, {"model": "history.history", "pk": 19, "fields": {"user": 6, "content_object": "Participant:: pasteur herv\u00e9", "action_type": "ajout de", "created": "2022-01-25T01:00:42.521Z", "updated": "2022-01-25T01:00:42.521Z"}}, {"model": "history.history", "pk": 20, "fields": {"user": 6, "content_object": "COMPTE:::Utilisateur: mike", "action_type": "ajout de", "created": "2022-01-25T01:01:14.810Z", "updated": "2022-01-25T01:01:14.810Z"}}, {"model": "history.history", "pk": 21, "fields": {"user": 6, "content_object": "COMPTE:::Utilisateur:: profile a: mike", "action_type": "ajout de", "created": "2022-01-25T01:01:14.814Z", "updated": "2022-01-25T01:01:14.814Z"}}, {"model": "history.history", "pk": 22, "fields": {"user": 6, "content_object": "COMPTE:::Utilisateur: emmanuel", "action_type": "ajout de", "created": "2022-01-25T01:01:52.190Z", "updated": "2022-01-25T01:01:52.190Z"}}, {"model": "history.history", "pk": 23, "fields": {"user": 6, "content_object": "COMPTE:::Utilisateur:: profile a: emmanuel", "action_type": "ajout de", "created": "2022-01-25T01:01:52.195Z", "updated": "2022-01-25T01:01:52.195Z"}}, {"model": "history.history", "pk": 24, "fields": {"user": 6, "content_object": "Participant:: AP emmanuel", "action_type": "ajout de", "created": "2022-01-25T01:01:52.199Z", "updated": "2022-01-25T01:01:52.199Z"}}, {"model": "history.history", "pk": 25, "fields": {"user": 6, "content_object": "landry c'est connect\u00e9 le 2022-01-26 18:37:38.848864+00:00", "action_type": "connection", "created": "2022-01-26T18:37:38.855Z", "updated": "2022-01-26T18:37:38.855Z"}}, {"model": "history.history", "pk": 26, "fields": {"user": 6, "content_object": "landry c'est d\u00e9connect\u00e9", "action_type": "d\u00e9connection", "created": "2022-01-26T18:39:48.178Z", "updated": "2022-01-26T18:39:48.178Z"}}, {"model": "history.history", "pk": 27, "fields": {"user": 7, "content_object": "alvine c'est connect\u00e9 le 2022-01-31 14:16:43.738386+00:00", "action_type": "connection", "created": "2022-01-31T14:16:43.743Z", "updated": "2022-01-31T14:16:43.743Z"}}, {"model": "history.history", "pk": 28, "fields": {"user": 7, "content_object": "alvine c'est d\u00e9connect\u00e9", "action_type": "d\u00e9connection", "created": "2022-01-31T14:20:57.899Z", "updated": "2022-01-31T14:20:57.899Z"}}, {"model": "history.history", "pk": 29, "fields": {"user": 7, "content_object": "alvine c'est connect\u00e9 le 2022-01-31 16:41:31.758408+00:00", "action_type": "connection", "created": "2022-01-31T16:41:31.762Z", "updated": "2022-01-31T16:41:31.762Z"}}, {"model": "history.history", "pk": 30, "fields": {"user": 6, "content_object": "landry c'est connect\u00e9 le 2022-01-31 17:02:18.692615+00:00", "action_type": "connection", "created": "2022-01-31T17:02:18.696Z", "updated": "2022-01-31T17:02:18.696Z"}}, {"model": "history.history", "pk": 31, "fields": {"user": 6, "content_object": "landry c'est connect\u00e9 le 2022-02-01 16:15:42.026039+00:00", "action_type": "connection", "created": "2022-02-01T16:15:42.217Z", "updated": "2022-02-01T16:15:42.217Z"}}]