[
{
  "model": "evangelisation.site",
  "pk": 1,
  "fields": {
    "nom_site_evangelisation": "mobile omnisport",
    "description": "",
    "image": "",
    "author": null,
    "created": "2022-01-22T19:41:18.541Z",
    "updated": "2022-01-22T22:25:21.930Z"
  }
},
{
  "model": "evangelisation.site",
  "pk": 2,
  "fields": {
    "nom_site_evangelisation": "mvog ada",
    "description": "",
    "image": "",
    "author": null,
    "created": "2022-01-22T19:41:18.543Z",
    "updated": "2022-01-22T19:41:18.543Z"
  }
},
{
  "model": "evangelisation.site",
  "pk": 3,
  "fields": {
    "nom_site_evangelisation": "elig edjoa",
    "description": "",
    "image": "",
    "author": null,
    "created": "2022-01-22T21:02:21.830Z",
    "updated": "2022-01-22T21:02:21.830Z"
  }
},
{
  "model": "evangelisation.site",
  "pk": 4,
  "fields": {
    "nom_site_evangelisation": "total cavo",
    "description": "",
    "image": "",
    "author": null,
    "created": "2022-01-22T21:04:59.754Z",
    "updated": "2022-01-22T21:05:26.931Z"
  }
},
{
  "model": "evangelisation.site",
  "pk": 5,
  "fields": {
    "nom_site_evangelisation": "mont\u00e9 ludo",
    "description": "",
    "image": "",
    "author": null,
    "created": "2022-01-22T21:06:55.884Z",
    "updated": "2022-01-22T21:07:03.532Z"
  }
},
{
  "model": "evangelisation.participant",
  "pk": 3,
  "fields": {
    "nom_et_prenom": "shalom",
    "sexe": "masculin",
    "author": null,
    "created": "2022-01-22T20:30:35.183Z",
    "updated": "2022-01-22T20:30:35.183Z"
  }
},
{
  "model": "evangelisation.participant",
  "pk": 4,
  "fields": {
    "nom_et_prenom": "Papa chekoua",
    "sexe": "masculin",
    "author": null,
    "created": "2022-01-22T20:30:35.185Z",
    "updated": "2022-01-23T12:59:16.200Z"
  }
},
{
  "model": "evangelisation.participant",
  "pk": 5,
  "fields": {
    "nom_et_prenom": "yannick",
    "sexe": "masculin",
    "author": null,
    "created": "2022-01-22T20:30:35.187Z",
    "updated": "2022-01-22T20:30:35.187Z"
  }
},
{
  "model": "evangelisation.participant",
  "pk": 6,
  "fields": {
    "nom_et_prenom": "ermine",
    "sexe": "f\u00e9minin",
    "author": null,
    "created": "2022-01-22T20:30:35.189Z",
    "updated": "2022-01-22T20:30:35.189Z"
  }
},
{
  "model": "evangelisation.participant",
  "pk": 7,
  "fields": {
    "nom_et_prenom": "jackie",
    "sexe": "f\u00e9minin",
    "author": null,
    "created": "2022-01-22T20:30:35.192Z",
    "updated": "2022-01-22T20:30:35.192Z"
  }
},
{
  "model": "evangelisation.participant",
  "pk": 8,
  "fields": {
    "nom_et_prenom": "gramby",
    "sexe": "f\u00e9minin",
    "author": null,
    "created": "2022-01-22T20:30:35.194Z",
    "updated": "2022-01-22T20:30:35.194Z"
  }
},
{
  "model": "evangelisation.participant",
  "pk": 9,
  "fields": {
    "nom_et_prenom": "landry",
    "sexe": "masculin",
    "author": null,
    "created": "2022-01-22T20:31:37.619Z",
    "updated": "2022-01-22T20:31:37.619Z"
  }
},
{
  "model": "evangelisation.participant",
  "pk": 10,
  "fields": {
    "nom_et_prenom": "papa emma",
    "sexe": "masculin",
    "author": null,
    "created": "2022-01-22T20:31:37.621Z",
    "updated": "2022-01-22T20:31:37.621Z"
  }
},
{
  "model": "evangelisation.participant",
  "pk": 11,
  "fields": {
    "nom_et_prenom": "didier",
    "sexe": "masculin",
    "author": null,
    "created": "2022-01-22T20:31:37.623Z",
    "updated": "2022-01-22T20:31:37.623Z"
  }
},
{
  "model": "evangelisation.participant",
  "pk": 12,
  "fields": {
    "nom_et_prenom": "forelle",
    "sexe": "f\u00e9minin",
    "author": null,
    "created": "2022-01-22T20:31:37.625Z",
    "updated": "2022-01-22T20:31:37.625Z"
  }
},
{
  "model": "evangelisation.participant",
  "pk": 13,
  "fields": {
    "nom_et_prenom": "suzzy",
    "sexe": "f\u00e9minin",
    "author": null,
    "created": "2022-01-22T20:33:04.742Z",
    "updated": "2022-01-22T20:33:04.742Z"
  }
},
{
  "model": "evangelisation.participant",
  "pk": 14,
  "fields": {
    "nom_et_prenom": "zo ajack",
    "sexe": "masculin",
    "author": null,
    "created": "2022-01-22T20:33:04.745Z",
    "updated": "2022-01-22T20:33:04.745Z"
  }
},
{
  "model": "evangelisation.participant",
  "pk": 15,
  "fields": {
    "nom_et_prenom": "tatiana",
    "sexe": "f\u00e9minin",
    "author": null,
    "created": "2022-01-22T20:33:04.747Z",
    "updated": "2022-01-22T20:33:04.747Z"
  }
},
{
  "model": "evangelisation.participant",
  "pk": 16,
  "fields": {
    "nom_et_prenom": "caroline",
    "sexe": "f\u00e9minin",
    "author": null,
    "created": "2022-01-22T20:33:04.749Z",
    "updated": "2022-01-22T20:33:04.749Z"
  }
},
{
  "model": "evangelisation.participant",
  "pk": 17,
  "fields": {
    "nom_et_prenom": "ali",
    "sexe": "masculin",
    "author": null,
    "created": "2022-01-22T20:33:04.752Z",
    "updated": "2022-01-22T20:33:04.752Z"
  }
},
{
  "model": "evangelisation.participant",
  "pk": 18,
  "fields": {
    "nom_et_prenom": "janvier",
    "sexe": "masculin",
    "author": null,
    "created": "2022-01-22T20:33:56.812Z",
    "updated": "2022-01-22T20:33:56.812Z"
  }
},
{
  "model": "evangelisation.participant",
  "pk": 19,
  "fields": {
    "nom_et_prenom": "anne",
    "sexe": "f\u00e9minin",
    "author": null,
    "created": "2022-01-22T20:33:56.814Z",
    "updated": "2022-01-22T20:33:56.814Z"
  }
},
{
  "model": "evangelisation.participant",
  "pk": 20,
  "fields": {
    "nom_et_prenom": "alvine",
    "sexe": "f\u00e9minin",
    "author": 1,
    "created": "2022-01-22T20:38:46.093Z",
    "updated": "2022-01-22T20:44:56.930Z"
  }
},
{
  "model": "evangelisation.participant",
  "pk": 21,
  "fields": {
    "nom_et_prenom": "joel",
    "sexe": "masculin",
    "author": 1,
    "created": "2022-01-22T20:41:00.348Z",
    "updated": "2022-01-22T20:45:08.226Z"
  }
},
{
  "model": "evangelisation.participant",
  "pk": 22,
  "fields": {
    "nom_et_prenom": "AP emmanuel",
    "sexe": "masculin",
    "author": 1,
    "created": "2022-01-22T20:41:41.544Z",
    "updated": "2022-01-22T20:45:26.710Z"
  }
},
{
  "model": "evangelisation.participant",
  "pk": 23,
  "fields": {
    "nom_et_prenom": "pasteur herv\u00e9",
    "sexe": "masculin",
    "author": 1,
    "created": "2022-01-22T20:42:25.349Z",
    "updated": "2022-01-22T20:45:17.190Z"
  }
},
{
  "model": "evangelisation.participant",
  "pk": 24,
  "fields": {
    "nom_et_prenom": "germaine",
    "sexe": "f\u00e9minin",
    "author": null,
    "created": "2022-01-22T20:46:35.420Z",
    "updated": "2022-01-22T20:46:35.420Z"
  }
},
{
  "model": "evangelisation.participant",
  "pk": 25,
  "fields": {
    "nom_et_prenom": "yvan",
    "sexe": "masculin",
    "author": null,
    "created": "2022-01-22T20:46:58.471Z",
    "updated": "2022-01-22T20:46:58.471Z"
  }
},
{
  "model": "evangelisation.participant",
  "pk": 26,
  "fields": {
    "nom_et_prenom": "larissa",
    "sexe": "f\u00e9minin",
    "author": 1,
    "created": "2022-01-22T20:47:38.978Z",
    "updated": "2022-01-22T20:47:57.791Z"
  }
},
{
  "model": "evangelisation.participant",
  "pk": 27,
  "fields": {
    "nom_et_prenom": "carine",
    "sexe": "f\u00e9minin",
    "author": null,
    "created": "2022-01-22T20:49:29.152Z",
    "updated": "2022-01-22T20:49:29.152Z"
  }
},
{
  "model": "evangelisation.participant",
  "pk": 28,
  "fields": {
    "nom_et_prenom": "mama chantal",
    "sexe": "f\u00e9minin",
    "author": null,
    "created": "2022-01-22T20:50:09.990Z",
    "updated": "2022-01-22T20:50:09.990Z"
  }
},
{
  "model": "evangelisation.participant",
  "pk": 29,
  "fields": {
    "nom_et_prenom": "mama minette",
    "sexe": "f\u00e9minin",
    "author": null,
    "created": "2022-01-22T20:50:40.189Z",
    "updated": "2022-01-22T20:50:40.189Z"
  }
},
{
  "model": "evangelisation.participant",
  "pk": 30,
  "fields": {
    "nom_et_prenom": "ange",
    "sexe": "f\u00e9minin",
    "author": null,
    "created": "2022-01-22T20:51:39.775Z",
    "updated": "2022-01-22T20:51:39.775Z"
  }
},
{
  "model": "evangelisation.participant",
  "pk": 31,
  "fields": {
    "nom_et_prenom": "gaetan",
    "sexe": "masculin",
    "author": null,
    "created": "2022-01-22T20:51:39.777Z",
    "updated": "2022-01-22T20:51:39.777Z"
  }
},
{
  "model": "evangelisation.participant",
  "pk": 33,
  "fields": {
    "nom_et_prenom": "Magloire",
    "sexe": "masculin",
    "author": null,
    "created": "2022-01-22T20:55:45.421Z",
    "updated": "2022-01-22T20:55:45.421Z"
  }
},
{
  "model": "evangelisation.participant",
  "pk": 34,
  "fields": {
    "nom_et_prenom": "francine",
    "sexe": "f\u00e9minin",
    "author": null,
    "created": "2022-01-22T20:55:45.423Z",
    "updated": "2022-01-22T20:55:45.423Z"
  }
},
{
  "model": "evangelisation.participant",
  "pk": 35,
  "fields": {
    "nom_et_prenom": "charles",
    "sexe": "masculin",
    "author": null,
    "created": "2022-01-22T20:55:45.424Z",
    "updated": "2022-01-22T20:55:45.424Z"
  }
},
{
  "model": "evangelisation.participant",
  "pk": 36,
  "fields": {
    "nom_et_prenom": "chricha",
    "sexe": "masculin",
    "author": null,
    "created": "2022-01-22T20:55:45.425Z",
    "updated": "2022-01-22T20:55:45.425Z"
  }
},
{
  "model": "evangelisation.participant",
  "pk": 37,
  "fields": {
    "nom_et_prenom": "stephanie",
    "sexe": "f\u00e9minin",
    "author": null,
    "created": "2022-01-22T20:55:45.427Z",
    "updated": "2022-01-22T20:55:45.427Z"
  }
},
{
  "model": "evangelisation.participant",
  "pk": 38,
  "fields": {
    "nom_et_prenom": "Loic",
    "sexe": "masculin",
    "author": null,
    "created": "2022-01-22T20:55:45.429Z",
    "updated": "2022-01-22T20:55:45.429Z"
  }
},
{
  "model": "evangelisation.participant",
  "pk": 39,
  "fields": {
    "nom_et_prenom": "Josias",
    "sexe": "masculin",
    "author": null,
    "created": "2022-01-22T20:55:45.430Z",
    "updated": "2022-01-22T20:55:45.430Z"
  }
},
{
  "model": "evangelisation.participant",
  "pk": 40,
  "fields": {
    "nom_et_prenom": "dj\u00e9",
    "sexe": "masculin",
    "author": null,
    "created": "2022-01-22T20:55:45.431Z",
    "updated": "2022-01-22T20:55:45.431Z"
  }
},
{
  "model": "evangelisation.participant",
  "pk": 41,
  "fields": {
    "nom_et_prenom": "marceline",
    "sexe": "f\u00e9minin",
    "author": null,
    "created": "2022-01-22T20:55:45.433Z",
    "updated": "2022-01-22T20:55:45.433Z"
  }
},
{
  "model": "evangelisation.participant",
  "pk": 42,
  "fields": {
    "nom_et_prenom": "barran",
    "sexe": "f\u00e9minin",
    "author": null,
    "created": "2022-01-22T20:56:41.693Z",
    "updated": "2022-01-22T20:56:41.693Z"
  }
},
{
  "model": "evangelisation.participant",
  "pk": 43,
  "fields": {
    "nom_et_prenom": "nathalie",
    "sexe": "f\u00e9minin",
    "author": null,
    "created": "2022-01-22T20:56:41.695Z",
    "updated": "2022-01-22T20:56:41.695Z"
  }
},
{
  "model": "evangelisation.participant",
  "pk": 44,
  "fields": {
    "nom_et_prenom": "Rollins",
    "sexe": "masculin",
    "author": null,
    "created": "2022-01-22T20:57:27.452Z",
    "updated": "2022-01-22T20:57:27.452Z"
  }
},
{
  "model": "evangelisation.participant",
  "pk": 45,
  "fields": {
    "nom_et_prenom": "Noel",
    "sexe": "masculin",
    "author": null,
    "created": "2022-01-22T20:58:26.055Z",
    "updated": "2022-01-22T20:58:26.055Z"
  }
},
{
  "model": "evangelisation.participant",
  "pk": 46,
  "fields": {
    "nom_et_prenom": "bertille",
    "sexe": "f\u00e9minin",
    "author": null,
    "created": "2022-01-22T20:58:26.057Z",
    "updated": "2022-01-22T20:58:26.057Z"
  }
},
{
  "model": "evangelisation.participant",
  "pk": 47,
  "fields": {
    "nom_et_prenom": "fr ndzomo",
    "sexe": "masculin",
    "author": null,
    "created": "2022-01-22T20:58:26.058Z",
    "updated": "2022-01-22T20:58:26.058Z"
  }
},
{
  "model": "evangelisation.participant",
  "pk": 50,
  "fields": {
    "nom_et_prenom": "mike",
    "sexe": "masculin",
    "author": null,
    "created": "2022-01-23T17:43:15.517Z",
    "updated": "2022-01-23T17:48:28.349Z"
  }
},
{
  "model": "evangelisation.evangelisation",
  "pk": 2,
  "fields": {
    "day": "2021-08-07",
    "heure_de_debut": "21:12:00",
    "heure_de_fin": "21:12:00",
    "site": 1,
    "author": null,
    "observation": "",
    "boss": []
  }
},
{
  "model": "evangelisation.evangelisation",
  "pk": 3,
  "fields": {
    "day": "2021-09-15",
    "heure_de_debut": "21:12:00",
    "heure_de_fin": "21:12:00",
    "site": 5,
    "author": null,
    "observation": "",
    "boss": []
  }
},
{
  "model": "evangelisation.evangelisation",
  "pk": 4,
  "fields": {
    "day": "2021-12-04",
    "heure_de_debut": "21:12:00",
    "heure_de_fin": "21:12:00",
    "site": 4,
    "author": null,
    "observation": "",
    "boss": []
  }
},
{
  "model": "evangelisation.evangelisation",
  "pk": 5,
  "fields": {
    "day": "2021-10-16",
    "heure_de_debut": "21:15:00",
    "heure_de_fin": "21:15:00",
    "site": 4,
    "author": null,
    "observation": "",
    "boss": []
  }
},
{
  "model": "evangelisation.evangelisation",
  "pk": 6,
  "fields": {
    "day": "2021-10-23",
    "heure_de_debut": "21:15:00",
    "heure_de_fin": "21:15:00",
    "site": 4,
    "author": null,
    "observation": "",
    "boss": []
  }
},
{
  "model": "evangelisation.evangelisation",
  "pk": 7,
  "fields": {
    "day": "2021-11-20",
    "heure_de_debut": "21:15:00",
    "heure_de_fin": "21:15:00",
    "site": 4,
    "author": null,
    "observation": "",
    "boss": []
  }
},
{
  "model": "evangelisation.evangelisation",
  "pk": 8,
  "fields": {
    "day": "2021-11-13",
    "heure_de_debut": "21:23:00",
    "heure_de_fin": "21:23:00",
    "site": null,
    "author": null,
    "observation": "",
    "boss": []
  }
},
{
  "model": "evangelisation.evangelisation",
  "pk": 9,
  "fields": {
    "day": "2021-11-06",
    "heure_de_debut": "21:31:00",
    "heure_de_fin": "21:31:00",
    "site": 4,
    "author": null,
    "observation": "",
    "boss": []
  }
},
{
  "model": "evangelisation.evangelisation",
  "pk": 10,
  "fields": {
    "day": "2021-06-12",
    "heure_de_debut": "16:00:00",
    "heure_de_fin": "17:30:00",
    "site": 1,
    "author": null,
    "observation": "",
    "boss": []
  }
},
{
  "model": "evangelisation.evangelisation",
  "pk": 11,
  "fields": {
    "day": "2021-06-18",
    "heure_de_debut": "19:00:00",
    "heure_de_fin": "20:00:00",
    "site": 1,
    "author": null,
    "observation": "",
    "boss": []
  }
},
{
  "model": "evangelisation.evangelisation",
  "pk": 12,
  "fields": {
    "day": "2021-07-24",
    "heure_de_debut": "21:36:00",
    "heure_de_fin": "21:36:00",
    "site": 1,
    "author": null,
    "observation": "",
    "boss": []
  }
},
{
  "model": "evangelisation.evangelisation",
  "pk": 13,
  "fields": {
    "day": "2021-03-20",
    "heure_de_debut": "15:45:00",
    "heure_de_fin": "16:45:00",
    "site": 1,
    "author": null,
    "observation": "",
    "boss": []
  }
},
{
  "model": "evangelisation.evangelisation",
  "pk": 14,
  "fields": {
    "day": "2021-03-27",
    "heure_de_debut": "15:45:00",
    "heure_de_fin": "17:45:00",
    "site": 1,
    "author": null,
    "observation": "",
    "boss": []
  }
},
{
  "model": "evangelisation.evangelisation",
  "pk": 15,
  "fields": {
    "day": "2021-05-08",
    "heure_de_debut": "16:20:00",
    "heure_de_fin": "17:30:00",
    "site": 1,
    "author": null,
    "observation": "",
    "boss": []
  }
},
{
  "model": "evangelisation.evangelisation",
  "pk": 16,
  "fields": {
    "day": "2021-04-17",
    "heure_de_debut": "16:00:00",
    "heure_de_fin": "17:00:00",
    "site": 1,
    "author": null,
    "observation": "",
    "boss": []
  }
},
{
  "model": "evangelisation.evangelisation",
  "pk": 17,
  "fields": {
    "day": "2022-05-08",
    "heure_de_debut": "16:00:00",
    "heure_de_fin": "17:30:00",
    "site": 1,
    "author": null,
    "observation": "",
    "boss": []
  }
},
{
  "model": "evangelisation.evangelisation",
  "pk": 18,
  "fields": {
    "day": "2021-05-15",
    "heure_de_debut": "15:50:00",
    "heure_de_fin": "16:30:00",
    "site": 1,
    "author": null,
    "observation": "",
    "boss": []
  }
},
{
  "model": "evangelisation.evangelisation",
  "pk": 19,
  "fields": {
    "day": "2021-12-05",
    "heure_de_debut": "17:00:00",
    "heure_de_fin": "18:00:00",
    "site": 3,
    "author": null,
    "observation": "",
    "boss": []
  }
},
{
  "model": "evangelisation.evangelisation",
  "pk": 20,
  "fields": {
    "day": "2021-07-10",
    "heure_de_debut": "16:00:00",
    "heure_de_fin": "18:10:00",
    "site": 1,
    "author": null,
    "observation": "",
    "boss": []
  }
},
{
  "model": "evangelisation.evangelisation",
  "pk": 21,
  "fields": {
    "day": "2021-07-31",
    "heure_de_debut": "16:30:00",
    "heure_de_fin": "18:30:00",
    "site": 1,
    "author": null,
    "observation": "",
    "boss": []
  }
},
{
  "model": "evangelisation.evangelisation",
  "pk": 22,
  "fields": {
    "day": "2021-05-29",
    "heure_de_debut": "16:20:00",
    "heure_de_fin": "17:20:00",
    "site": 1,
    "author": null,
    "observation": "",
    "boss": []
  }
},
{
  "model": "evangelisation.evangelisation",
  "pk": 23,
  "fields": {
    "day": "2021-11-04",
    "heure_de_debut": "16:00:00",
    "heure_de_fin": "17:10:00",
    "site": 1,
    "author": null,
    "observation": "",
    "boss": []
  }
},
{
  "model": "evangelisation.evangelisation",
  "pk": 24,
  "fields": {
    "day": "2022-01-23",
    "heure_de_debut": "17:39:00",
    "heure_de_fin": "17:39:00",
    "site": 2,
    "author": null,
    "observation": "",
    "boss": [
      3,
      4,
      5,
      6,
      7,
      8,
      9,
      10,
      11,
      12,
      13,
      14,
      15,
      16,
      17,
      18,
      19,
      20,
      21,
      22,
      23,
      24,
      25,
      26,
      27,
      28,
      29,
      30,
      31,
      33,
      34,
      35,
      36,
      37,
      38,
      39,
      40,
      41,
      42,
      43,
      44,
      45,
      46,
      47
    ]
  }
},
{
  "model": "evangelisation.person",
  "pk": 3,
  "fields": {
    "author": null,
    "evangelisation": 24,
    "date": "2022-01-23",
    "nom_et_prenom": "onana0023",
    "contacts": null,
    "quartier_d_habitation": "---",
    "accepte_jesus": "oui",
    "sexe": "f\u00e9minin",
    "whatsapp": "oui",
    "sujets_de_priere": "",
    "temoignages": "",
    "created": "2022-01-23T17:40:32.704Z",
    "updated": "2022-01-23T17:40:32.704Z",
    "boss": []
  }
},
{
  "model": "evangelisation.person",
  "pk": 4,
  "fields": {
    "author": null,
    "evangelisation": 24,
    "date": "2022-01-23",
    "nom_et_prenom": "onana0024",
    "contacts": null,
    "quartier_d_habitation": "---",
    "accepte_jesus": "ras",
    "sexe": "masculin",
    "whatsapp": "oui",
    "sujets_de_priere": "",
    "temoignages": "",
    "created": "2022-01-23T17:40:32.711Z",
    "updated": "2022-01-23T17:40:32.711Z",
    "boss": [
      5
    ]
  }
},
{
  "model": "evangelisation.suivi",
  "pk": 3,
  "fields": {
    "person": 3,
    "nbre_appel": 0,
    "nbre_visite_au_culte": 0,
    "nbre_invitation_au_culte": 0,
    "nbre_presence_total_au_culte": 0,
    "choix_person": "0",
    "boos_suivi": "",
    "author": null,
    "sujets_de_priere_suivi": null,
    "temoignages_suivi": null,
    "observation_suivi": null
  }
},
{
  "model": "evangelisation.suivi",
  "pk": 4,
  "fields": {
    "person": 4,
    "nbre_appel": 0,
    "nbre_visite_au_culte": 0,
    "nbre_invitation_au_culte": 0,
    "nbre_presence_total_au_culte": 0,
    "choix_person": "0",
    "boos_suivi": "",
    "author": null,
    "sujets_de_priere_suivi": null,
    "temoignages_suivi": null,
    "observation_suivi": null
  }
},
{
  "model": "evangelisation.profile",
  "pk": 1,
  "fields": {
    "user": 2,
    "image": "",
    "phone": null,
    "sexe": "",
    "created": "2022-01-22T20:38:46.088Z",
    "updated": "2022-01-22T20:38:46.088Z"
  }
},
{
  "model": "evangelisation.profile",
  "pk": 2,
  "fields": {
    "user": 1,
    "image": "",
    "phone": 699806665,
    "sexe": "masculin",
    "created": "2022-01-22T20:39:57.923Z",
    "updated": "2022-01-23T10:19:00.748Z"
  }
},
{
  "model": "evangelisation.profile",
  "pk": 3,
  "fields": {
    "user": 3,
    "image": "",
    "phone": null,
    "sexe": "",
    "created": "2022-01-22T20:41:00.344Z",
    "updated": "2022-01-22T20:41:00.344Z"
  }
},
{
  "model": "evangelisation.profile",
  "pk": 4,
  "fields": {
    "user": 4,
    "image": "",
    "phone": null,
    "sexe": "",
    "created": "2022-01-22T20:41:41.540Z",
    "updated": "2022-01-22T20:41:41.540Z"
  }
},
{
  "model": "evangelisation.profile",
  "pk": 5,
  "fields": {
    "user": 5,
    "image": "",
    "phone": null,
    "sexe": "",
    "created": "2022-01-22T20:42:25.346Z",
    "updated": "2022-01-22T20:42:25.346Z"
  }
},
{
  "model": "evangelisation.profile",
  "pk": 6,
  "fields": {
    "user": 6,
    "image": "",
    "phone": null,
    "sexe": "",
    "created": "2022-01-22T20:47:38.974Z",
    "updated": "2022-01-22T20:47:38.974Z"
  }
},
{
  "model": "evangelisation.profile",
  "pk": 7,
  "fields": {
    "user": null,
    "image": "",
    "phone": null,
    "sexe": "",
    "created": "2022-01-23T10:07:48.397Z",
    "updated": "2022-01-23T10:07:48.397Z"
  }
},
{
  "model": "evangelisation.profile",
  "pk": 8,
  "fields": {
    "user": null,
    "image": "",
    "phone": null,
    "sexe": "",
    "created": "2022-01-23T10:13:05.119Z",
    "updated": "2022-01-23T10:13:05.119Z"
  }
},
{
  "model": "evangelisation.profile",
  "pk": 9,
  "fields": {
    "user": null,
    "image": "",
    "phone": null,
    "sexe": "",
    "created": "2022-01-23T17:45:53.032Z",
    "updated": "2022-01-23T17:45:53.032Z"
  }
},
{
  "model": "evangelisation.profile",
  "pk": 10,
  "fields": {
    "user": 10,
    "image": "",
    "phone": null,
    "sexe": "",
    "created": "2022-01-23T17:48:00.349Z",
    "updated": "2022-01-23T17:48:00.349Z"
  }
}
]
